"thumbnail href","CategoryProductThumbnail src","h5","CategoryProductPrice","CategoryProductAvailability","CategoryProductItemNr","pad-t-20","thumbnail href 2","CategoryProductThumbnail src 2","h5 2","CategoryProductPrice 2","CategoryProductAvailability 2","CategoryProductItemNr 2","pad-t-20 2","thumbnail href 3","CategoryProductThumbnail src 3","h5 3","CategoryProductPrice 3","CategoryProductAvailability 3","CategoryProductItemNr 3","pad-t-20 3","thumbnail href 4","CategoryProductThumbnail src 4","h5 4","CategoryProductPrice 4","CategoryProductAvailability 4","CategoryProductItemNr 4","pad-t-20 4","CategoryProductPrice href","CategoryProductPrice href 2","CategoryProductPrice href 3","CategoryProductPrice href 4"
"https://www.vibrant.com/3com-3CXFP92.html","https://www.vibrant.com/resize?po=https%3a%2f%2fd68bu9da8k2nr.cloudfront.net%2f3com-3CXFP92-1.jpg&bh=250","3com 3CXFP92 X134 10G XFP LC LR Transceiver","$89.00","Availability: In Stock","3CXFP92","3com 3CXFP92 X134 10G XFP LC LR TransceiverThis item is Refurbished. This item has been tested by Vibrant's team of experienced technicians test to ensure proper operation.","https://www.vibrant.com/HP-0231A0LD.html","https://www.vibrant.com/resize?po=https%3a%2f%2fd15qtt05c8rmkb.cloudfront.net%2fvibrant.jpg&bh=250","HP 0231A0LD X130 10G XFP LC LR TRANSCEIVER","$100.00","Availability: In Stock","0231A0LD","HP 0231A0LD X130 10G XFP LC LR TRANSCEIVERThis item is Used. This item has been tested by Vibrant's team of experienced technicians test to ensure proper operation.","https://www.vibrant.com/HP-292005-001.html","https://www.vibrant.com/resize?po=https%3a%2f%2fd68bu9da8k2nr.cloudfront.net%2fHP-292005-001-1.jpg&bh=250","HP 292005-001 35KM Long-Distance Optical Transceiver Kit","$24.99","Availability: In Stock","292005-001","HP 292005-001 35KM Long-Distance Optical Transceiver KitThis item is Refurbished. This item has been tested by Vibrant's team of experienced technicians test to ensure proper operation.","https://www.vibrant.com/HP-300836-B21.html","https://www.vibrant.com/resize?po=https%3a%2f%2fd68bu9da8k2nr.cloudfront.net%2fHP-300836-B21-1.jpg&bh=250","HP 300836-B21 35KM Long-Distance Optical Transceiver Kit","$24.99","Availability: In Stock","300836-B21","HP 300836-B21 35KM Long-Distance Optical Transceiver KitThis item is Refurbished. This item has been tested by Vibrant's team of experienced technicians test to ensure proper operation.","","","",""
"https://www.vibrant.com/HP-416829-002.html","https://www.vibrant.com/resize?po=https%3a%2f%2fd68bu9da8k2nr.cloudfront.net%2fHP-416829-002-1.jpg&bh=250","HP 416829-002 B-Series Switch 4GB 10KM Long Wave Transceiver","$6.95","Availability: Contact for Availability","416829-002","HP 416829-002 B-SERIES SWITCH 4GB 10KM LONG WAVE TRANSCEIVERThis item is Refurbished. This item has been tested by Vibrant's team of experienced technicians test to ensure proper operation.","https://www.vibrant.com/HP-468508-001.html","https://www.vibrant.com/resize?po=https%3a%2f%2fd68bu9da8k2nr.cloudfront.net%2fHP-468508-001-1.jpg&bh=250","HP 468508-001 8GB Short Wave Fiber Channel SFP+ 1 Pack Transceiver","$5.45","Availability: In Stock","468508-001","HP 468508-001 8GB Short Wave Fiber Channel SFP+ 1 Pack TransceiverThis item is Refurbished. This item has been tested by Vibrant's team of experienced technicians test to ensure proper operation.","https://www.vibrant.com/HP-468508-002.html","https://www.vibrant.com/resize?po=https%3a%2f%2fd15qtt05c8rmkb.cloudfront.net%2fvibrant.jpg&bh=250","HP 468508-002 8GB Short Wave Fiber Channel SFP+ 1 Pack Transceiver","$25.00","Availability: In Stock","468508-002","HP 468508-002 8GB Short Wave Fiber Channel SFP+ 1 Pack TransceiverThis item is Refurbished. This item has been tested by Vibrant's team of experienced technicians test to ensure proper operation.","https://www.vibrant.com/HP-5697-5715.html","https://www.vibrant.com/resize?po=https%3a%2f%2fd68bu9da8k2nr.cloudfront.net%2fHP-5697-5715-1.jpg&bh=250","HP 5697-5715 4GB Longwave Sfp Optical Transceiver 10km","Contact for Pricing","Availability: In Stock","5697-5715","HP 5697-5715 4GB Longwave Sfp Optical Transceiver 10kmThis item is Refurbished. This item has been tested by Vibrant's team of experienced technicians test to ensure proper operation.","mailto:sales@vibrant.com","","",""
"https://www.vibrant.com/HP-5697-6994.html","https://www.vibrant.com/resize?po=https%3a%2f%2fd68bu9da8k2nr.cloudfront.net%2fHP-5697-6994-1.jpg&bh=250","HP 5697-6994 B-Series Switch 4GB 10KM Long Wave Transceiver","$3.00","Availability: Contact for Availability","5697-6994","HP 5697-6994 B-SERIES SWITCH 4GB 10KM LONG WAVE TRANSCEIVERThis item is Refurbished. This item has been tested by Vibrant's team of experienced technicians test to ensure proper operation.","https://www.vibrant.com/HP-AE493A.html","https://www.vibrant.com/resize?po=https%3a%2f%2fd68bu9da8k2nr.cloudfront.net%2fHP-AE493A-1.jpg&bh=250","HP AE493A B-Series Switch 4GB 10KM Long Wave Transceiver","$24.99","Availability: Contact for Availability","AE493A","HP AE493A B-Series Switch 4GB 10KM Long Wave TransceiverThis item is Refurbished. This item has been tested by Vibrant's team of experienced technicians test to ensure proper operation.","https://www.vibrant.com/HP-AJ718A.html","https://www.vibrant.com/resize?po=https%3a%2f%2fd68bu9da8k2nr.cloudfront.net%2fHP-AJ718A-1.jpg&bh=250","HP AJ718A 8GB Short Wave Fiber Channel SFP+ 1 Pack Transceiver","Contact for Pricing","Availability: In Stock","AJ718A","HP AJ718A 8GB Short Wave Fiber Channel SFP+ 1 Pack TransceiverThis item is Refurbished. This item has been tested by Vibrant's team of experienced technicians test to ensure proper operation.","https://www.vibrant.com/HP-FTRJ1419P1BCL.html","https://www.vibrant.com/resize?po=https%3a%2f%2fd68bu9da8k2nr.cloudfront.net%2fHP-FTRJ1419P1BCL-1.jpg&bh=250","HP FTRJ1419P1BCL 35KM LONG-DISTANCE OPTICAL TRANSCEIVER KIT","Contact for Pricing","Availability: In Stock","FTRJ1419P1BCL","HP FTRJ1419P1BCL 35KM LONG-DISTANCE OPTICAL TRANSCEIVER KITThis item is Refurbished. This item has been tested by Vibrant's team of experienced technicians test to ensure proper operation.","mailto:sales@vibrant.com","mailto:sales@vibrant.com","",""
"https://www.vibrant.com/HP-J4858-69001.html","https://www.vibrant.com/resize?po=https%3a%2f%2fd68bu9da8k2nr.cloudfront.net%2fHP-J4858-69001-1.jpg&bh=250","HP J4858-69001 X121 1G SFP LC SX Transceiver","$15.00","Availability: In Stock","J4858-69001","HP J4858-69001 X121 1G SFP LC SX TransceiverThis item is Refurbished. This item has been tested by Vibrant's team of experienced technicians test to ensure proper operation.","https://www.vibrant.com/HP-J4858-69101.html","https://www.vibrant.com/resize?po=https%3a%2f%2fd68bu9da8k2nr.cloudfront.net%2fHP-J4858-69101-1.jpg&bh=250","HP J4858-69101 X121 1G SFP LC SX Transceiver","$15.00","Availability: In Stock","J4858-69101","HP J4858-69101 X121 1G SFP LC SX TransceiverThis item is Refurbished. This item has been tested by Vibrant's team of experienced technicians test to ensure proper operation.","https://www.vibrant.com/HP-J4858A.html","https://www.vibrant.com/resize?po=https%3a%2f%2fd68bu9da8k2nr.cloudfront.net%2fHP-J4858A-1.jpg&bh=250","HP J4858A X121 1G SFP LC SX Transceiver","$15.00","Availability: In Stock","J4858A","HP J4858A X121 1G SFP LC SX TransceiverThis item is Refurbished. This item has been tested by Vibrant's team of experienced technicians test to ensure proper operation.","https://www.vibrant.com/HP-JD108-61201.html","https://www.vibrant.com/resize?po=https%3a%2f%2fd15qtt05c8rmkb.cloudfront.net%2fvibrant.jpg&bh=250","HP JD108-61201 X130 10G XFP LC LR TRANSCEIVER","$100.00","Availability: In Stock","JD108-61201","HP JD108-61201 X130 10G XFP LC LR TRANSCEIVERThis item is Used. This item has been tested by Vibrant's team of experienced technicians test to ensure proper operation.","","","",""
"https://www.vibrant.com/HP-JD108B.html","https://www.vibrant.com/resize?po=https%3a%2f%2fd15qtt05c8rmkb.cloudfront.net%2fvibrant.jpg&bh=250","HP JD108B X130 10G XFP LC LR TRANSCEIVER","$100.00","Availability: In Stock","JD108B","HP JD108B X130 10G XFP LC LR TRANSCEIVERThis item is Used. This item has been tested by Vibrant's team of experienced technicians test to ensure proper operation.","https://www.vibrant.com/HP-JSH-42L3AB3-20.html","https://www.vibrant.com/resize?po=https%3a%2f%2fd68bu9da8k2nr.cloudfront.net%2fHP-JSH-42L3AB3-20-1.jpg&bh=250","HP JSH-42L3AB3-20 B-Series Switch 4GB 10KM Long Wave Transceiver","$25.00","Availability: Contact for Availability","JSH-42L3AB3-20","HP JSH-42L3AB3-20 B-SERIES SWITCH 4GB 10KM LONG WAVE TRANSCEIVERThis item is Refurbished. This item has been tested by Vibrant's team of experienced technicians test to ensure proper operation.","https://www.vibrant.com/HP-JSH-42L3AB3-HP.html","https://www.vibrant.com/resize?po=https%3a%2f%2fd68bu9da8k2nr.cloudfront.net%2fHP-JSH-42L3AB3-HP-1.jpg&bh=250","HP JSH-42L3AB3 4GB Longwave SFP Optical Transceiver 10km","$69.99","Availability: In Stock","JSH-42L3AB3-HP","HP JSH-42L3AB3 4GB Longwave SFP Optical Transceiver 10kmThis item is Refurbished. This item has been tested by Vibrant's team of experienced technicians test to ensure proper operation.","https://www.vibrant.com/HP-TRF5013FN-GA000.html","https://www.vibrant.com/resize?po=https%3a%2f%2fd68bu9da8k2nr.cloudfront.net%2fHP-TRF5013FN-GA000-1.jpg&bh=250","HP TRF5013FN-GA000 10G 1310nm 10KM XFP Transceiver Module","Contact for Pricing","Availability: In Stock","TRF5013FN-GA000","HP TRF5013FN-GA000 10G 1310nm 10KM XFP Transceiver ModuleThis item is Refurbished. This item has been tested by Vibrant's team of experienced technicians test to ensure proper operation.","mailto:sales@vibrant.com","","",""
"https://www.vibrant.com/CISCO-XENPAK-10GB-SR.html","https://www.vibrant.com/resize?po=https%3a%2f%2fd68bu9da8k2nr.cloudfront.net%2fCISCO-XENPAK-10GB-SR-1.jpg&bh=250","CISCO XENPAK-10GB-SR 10GBASE XENPAK - XENPAK transceiver module","$10.00","Availability: In Stock","XENPAK-10GB-SR","10GBASE XENPAK - XENPAK transceiver module - 10GBase-SR - SC multi-mode - plug-in moduleThis item is Refurbished. This item has been tested by Vibrant's team of experienced technicians test to ensure proper operation.","https://www.vibrant.com/Cisco-X2-10GB-LX4.html","https://www.vibrant.com/resize?po=https%3a%2f%2fd68bu9da8k2nr.cloudfront.net%2fCisco-X2-10GB-LX4-1.jpg&bh=250","Cisco X2-10GB-LX4 10GBASE-LX4-X2 (Multimode Fiber) Transceiver","$5.00","Availability: In Stock","X2-10GB-LX4","Cisco X2-10GB-LX4 10GBASE-LX4-X2 (Multimode Fiber) Transceiver Cisco OriginalThis item is Refurbished. This item has been tested by Vibrant's team of experienced technicians test to ensure proper operation.","https://www.vibrant.com/Cisco-X2-10GB-LRM.html","https://www.vibrant.com/resize?po=https%3a%2f%2fd68bu9da8k2nr.cloudfront.net%2fCisco-X2-10GB-LRM-1.jpg&bh=250","Cisco X2-10GB-LRM 10GBASE-LRM SFP+ Transceiver Cisco Original","$15.99","Availability: In Stock","X2-10GB-LRM","Cisco X2-10GB-LRM 10GBASE-LRM SFP+ Transceiver Module Cisco OriginalThis item is Refurbished. This item has been tested by Vibrant's team of experienced technicians test to ensure proper operation.","https://www.vibrant.com/Cisco-WS-G5483.html","https://www.vibrant.com/resize?po=https%3a%2f%2fd68bu9da8k2nr.cloudfront.net%2fCisco-WS-G5483-1.jpg&bh=250","Cisco WS-G5483 1000TX Copper GBIC Transceiver Module","Contact for Pricing","Availability: Contact for Availability","WS-G5483","Cisco WS-G5483 1000TX Copper GBIC Transceiver ModuleThis item is Refurbished. This item has been tested by Vibrant's team of experienced technicians test to ensure proper operation.","mailto:sales@vibrant.com","","",""
"https://www.vibrant.com/Cisco-SFP-10G-LRM-New.html","https://www.vibrant.com/resize?po=https%3a%2f%2fd68bu9da8k2nr.cloudfront.net%2fCisco-SFP-10G-LRM-New-1.jpg&bh=250","Cisco Original SFP-10G-LRM 10GBASE-LRM SFP+ Transceiver Module LC/PC +980FT","$5.00","Availability: Contact for Availability","SFP-10G-LRM-New","Cisco Original SFP-10G-LRM 10GBASE-LRM SFP+ Transceiver Module LC/PC +980FTThis item is New Sealed.","https://www.vibrant.com/Cisco-GLC-ZX-SM.html","https://www.vibrant.com/resize?po=https%3a%2f%2fd68bu9da8k2nr.cloudfront.net%2fCisco-GLC-ZX-SM-1.jpg&bh=250","Genuine Cisco Original GLC-ZX-SM 1000Base ZX SFP Transceiver","Contact for Pricing","Availability: Contact for Availability","GLC-ZX-SM","Genuine Cisco Original GLC-ZX-SM 1000Base ZX SFP Transceiver“GENUINE CISCO, REFURBISHED, 3 YEAR WARRANTY”This item is Refurbished. This item has been tested by Vibrant's team of experienced technicians test to ensure proper operation.","https://www.vibrant.com/CISCO-GLC-SX-MMD.html","https://www.vibrant.com/resize?po=https%3a%2f%2fd68bu9da8k2nr.cloudfront.net%2fCISCO-GLC-SX-MMD-1.jpg&bh=250","CISCO GLC-SX-MMD 1000Base-SX SFP Transceiver DOM","Contact for Pricing","Availability: In Stock","GLC-SX-MMD","CISCO GLC-SX-MMD 1000Base-SX SFP Transceiver DOMThis item is Refurbished. This item has been tested by Vibrant's team of experienced technicians test to ensure proper operation.","https://www.vibrant.com/Cisco-GLC-LH-SM.html","https://www.vibrant.com/resize?po=https%3a%2f%2fd68bu9da8k2nr.cloudfront.net%2fCisco-GLC-LH-SM-1.jpg&bh=250","Cisco GLC-LH-SM 1000BASE-LX/LH SFP Transceiver Module 30-1299-01","Contact for Pricing","Availability: Contact for Availability","GLC-LH-SM","Cisco GLC-LH-SM 1000BASE-LX/LH SFP Transceiver Module 30-1299-01 CISCO ORIGINALThis item is Refurbished. This item has been tested by Vibrant's team of experienced technicians test to ensure proper operation.","mailto:sales@vibrant.com","mailto:sales@vibrant.com","mailto:sales@vibrant.com",""
"https://www.vibrant.com/Finisar-FTLF8528P2BCV-QL.html","https://www.vibrant.com/resize?po=https%3a%2f%2fd68bu9da8k2nr.cloudfront.net%2fFinisar-FTLF8528P2BCV-QL-1.jpg&bh=250","Finisar FTLF8528P2BCV-QL 8GB SFP Transceiver","$20.00","Availability: In Stock","FTLF8528P2BCV-QL","Finisar FTLF8528P2BCV-QL 8GB SFP TransceiverThis item is Refurbished. This item has been tested by Vibrant's team of experienced technicians test to ensure proper operation.","https://www.vibrant.com/Cisco-SFP-GE-T.html","https://www.vibrant.com/resize?po=https%3a%2f%2fd68bu9da8k2nr.cloudfront.net%2fCisco-SFP-GE-T-1.jpg&bh=250","Cisco SFP-GE-T 1Port Copper Gigabit Ethernet Transceiver 1000Base","$5.00","Availability: In Stock","SFP-GE-T","Cisco SFP-GE-T 1-Port Copper Gigabit Ethernet SFP Transceiver 1000 BaseeThis item is Refurbished. This item has been tested by Vibrant's team of experienced technicians test to ensure proper operation.","https://www.vibrant.com/Cisco-DS-SFP-FC8G-SW-NEW.html","https://www.vibrant.com/resize?po=https%3a%2f%2fd68bu9da8k2nr.cloudfront.net%2fCisco-DS-SFP-FC8G-SW-NEW-1.jpg&bh=250","Cisco DS-SFP-FC8G-SW 2/4/8Gbps Transceiver FC SW SFP, LC","$3.00","Availability: Contact for Availability","DS-SFP-FC8G-SW-NEW","Cisco DS-SFP-FC8G-SW 2/4/8GBPS Transceiver FC SW SFP, LC NEW, SEALED IN ORIGINAL BAGBulk orders welcome.This item is New.","https://www.vibrant.com/Cisco-DS-SFP-FC8G-SW.html","https://www.vibrant.com/resize?po=https%3a%2f%2fd68bu9da8k2nr.cloudfront.net%2fCisco-DS-SFP-FC8G-SW-1.jpg&bh=250","Cisco DS-SFP-FC8G-SW 2/4/8GBPS Transceiver FC SW SFP, LC original","Contact for Pricing","Availability: In Stock","DS-SFP-FC8G-SW","Cisco DS-SFP-FC8G-SW 2/4/8GBPS Transceiver FC SW SFP, LC originalThis item is Refurbished. This item has been tested by Vibrant's team of experienced technicians test to ensure proper operation.","mailto:sales@vibrant.com","","",""
"https://www.vibrant.com/CISCO-DS-SFP-FC16G-SW.html","https://www.vibrant.com/resize?po=https%3a%2f%2fd68bu9da8k2nr.cloudfront.net%2fCISCO-DS-SFP-FC16G-SW-1.jpg&bh=250","CISCO DS-SFP-FC16G-SW SFP+ transceiver module - LC multi-mode","$15.00","Availability: Contact for Availability","DS-SFP-FC16G-SW","16 GBPS FC S/W SFP+ LCCisco - SFP+ transceiver module - LC multi-mode - up to 1310 ft - 850 nm - for P/N: DS-X9448-768K9=The Cisco 16-Gbps Fiber Channel SFP+ transceiver is designed to provide Fiber Channel connectivity for the 16-Gbps ports.This item is New.","https://www.vibrant.com/OEM-AFBR-57R5AEZ.html","https://www.vibrant.com/resize?po=https%3a%2f%2fd15qtt05c8rmkb.cloudfront.net%2fvibrant.jpg&bh=250","OEM AFBR-57R5AEZ 4GPS SFP Shortwave SW GBIC Optical Transceiver","$20.00","Availability: In Stock","AFBR-57R5AEZ","OEM AFBR-57R5AEZ 4GPS SFP Shortwave SW GBIC Optical TransceiverThis item is Refurbished. This item has been tested by Vibrant's team of experienced technicians test to ensure proper operation.","https://www.vibrant.com/AVAGO-AFBR-57D7AMZ-QL.html","https://www.vibrant.com/resize?po=https%3a%2f%2fd68bu9da8k2nr.cloudfront.net%2fAVAGO-AFBR-57D7AMZ-QL-1.jpg&bh=250","AVAGO AFBR-57D7AMZ-QL 8GB SFP Optical Transceiver Avago","$25.00","Availability: In Stock","AFBR-57D7AMZ-QL","AVAGO AFBR-57D7AMZ-QL 8GB SFP Optical Transceiver AvagoThis item is Refurbished. This item has been tested by Vibrant's team of experienced technicians test to ensure proper operation.","https://www.vibrant.com/IBM-44W4411.html","https://www.vibrant.com/resize?po=https%3a%2f%2fd68bu9da8k2nr.cloudfront.net%2fIBM-44W4411-1.jpg&bh=250","IBM 44W4411 10Gb 850NM Fiber SFP Transceiver","Contact for Pricing","Availability: In Stock","44W4411","IBM 44W4411 10Gb 850NM Fiber SFP TransceiverThis item is Refurbished. This item has been tested by Vibrant's team of experienced technicians test to ensure proper operation.","mailto:sales@vibrant.com","","",""
"https://www.vibrant.com/HP-J4858C.html","https://www.vibrant.com/resize?po=https%3a%2f%2fd68bu9da8k2nr.cloudfront.net%2fHP-J4858C-1.jpg&bh=250","HP J4858C Original X121 1G SFP LC SX Transceiver","Contact for Pricing","Availability: Contact for Availability","J4858C","HP J4858C Original X121 1G SFP LC SX TransceiverThis item is Refurbished. This item has been tested by Vibrant's team of experienced technicians test to ensure proper operation.","https://www.vibrant.com/HP-J4858-69201.html","https://www.vibrant.com/resize?po=https%3a%2f%2fd68bu9da8k2nr.cloudfront.net%2fHP-J4858-69201-1.jpg&bh=250","HP J4858-69201 HP Original X121 1G SFP LC SX Transceiver","Contact for Pricing","Availability: Contact for Availability","J4858-69201","HP J4858-69201 HP Original X121 1G SFP LC SX TransceiverThis item is Refurbished. This item has been tested by Vibrant's team of experienced technicians test to ensure proper operation.","https://www.vibrant.com/HP-1990-3657.html","https://www.vibrant.com/resize?po=https%3a%2f%2fd68bu9da8k2nr.cloudfront.net%2fHP-1990-3657-1.jpg&bh=250","HP 1990-3657 HP Original X121 1G SFP LC SX Transceiver","Contact for Pricing","Availability: Contact for Availability","1990-3657","HP 1990-3657 HP Original X121 1G SFP LC SX TransceiverThis item is Refurbished. This item has been tested by Vibrant's team of experienced technicians test to ensure proper operation.","https://www.vibrant.com/OEM-AUI-RJ45.html","https://www.vibrant.com/resize?po=https%3a%2f%2fd15qtt05c8rmkb.cloudfront.net%2fvibrant.jpg&bh=250","OEM AUI-RJ45 Aui/Rj45 10Bt Transceiver","Contact for Pricing","Availability: Contact for Availability","AUI-RJ45","OEM AUI-RJ45 Aui/Rj45 10Bt TransceiverThis item is Refurbished. This item has been tested by Vibrant's team of experienced technicians test to ensure proper operation.","mailto:sales@vibrant.com","mailto:sales@vibrant.com","mailto:sales@vibrant.com","mailto:sales@vibrant.com"
"https://www.vibrant.com/OEM-FTLX1411D3.html","https://www.vibrant.com/resize?po=https%3a%2f%2fd68bu9da8k2nr.cloudfront.net%2fOEM-FTLX1411D3-1.jpg&bh=250","OEM FTLX1411D3 Finisar 10Gbase-Lr/Lw Transceiver","$45.00","Availability: Contact for Availability","FTLX1411D3","OEM FTLX1411D3 Finisar 10Gbase-Lr/Lw TransceiverThis item is Refurbished. This item has been tested by Vibrant's team of experienced technicians test to ensure proper operation.","https://www.vibrant.com/Sun-SESX7XT1Z.html","https://www.vibrant.com/resize?po=https%3a%2f%2fd15qtt05c8rmkb.cloudfront.net%2fvibrant.jpg&bh=250","Sun SESX7XT1Z 10Gb/Sec Xfp Optical Transceiver Sr","$45.00","Availability: Contact for Availability","SESX7XT1Z","Sun SESX7XT1Z 10Gb/Sec Xfp Optical Transceiver SrThis item is Refurbished. This item has been tested by Vibrant's team of experienced technicians test to ensure proper operation.","https://www.vibrant.com/Dell-2C4K7.html","https://www.vibrant.com/resize?po=https%3a%2f%2fd68bu9da8k2nr.cloudfront.net%2fDell-2C4K7-1.jpg&bh=250","Dell 2C4K7 Dell/Force10 XFP, 10GB, SR/SW, 850nm Wavelength Fiber Transceiver","Contact for Pricing","Availability: In Stock","2C4K7","Dell 2C4K7 Dell/Force10 XFP, 10GB, SR/SW, 850nm Wavelength Fiber TransceiverThis item is Refurbished. This item has been tested by Vibrant's team of experienced technicians test to ensure proper operation.","https://www.vibrant.com/Dell-02C4K7.html","https://www.vibrant.com/resize?po=https%3a%2f%2fd68bu9da8k2nr.cloudfront.net%2fDell-02C4K7-1.jpg&bh=250","Dell 02C4K7 Dell/Force10 XFP, 10GB, SR/SW, 850nm Wavelength Fiber Transceiver","Contact for Pricing","Availability: In Stock","02C4K7","Dell 02C4K7 Dell/Force10 XFP, 10GB, SR/SW, 850nm Wavelength Fiber TransceiverThis item is Refurbished. This item has been tested by Vibrant's team of experienced technicians test to ensure proper operation.","mailto:sales@vibrant.com","mailto:sales@vibrant.com","",""
"https://www.vibrant.com/IBM-78P0624.html","https://www.vibrant.com/resize?po=https%3a%2f%2fd68bu9da8k2nr.cloudfront.net%2fIBM-78P0624-1.jpg&bh=250","IBM 78P0624 IBM 10GB SFP+ SR Transceiver","$249.99","Availability: Contact for Availability","78P0624","IBM 78P0624 IBM 10GB SFP+ SR TransceiverThis item is Refurbished. This item has been tested by Vibrant's team of experienced technicians test to ensure proper operation.","https://www.vibrant.com/Finisar-J4858A-Fin.html","https://www.vibrant.com/resize?po=https%3a%2f%2fd68bu9da8k2nr.cloudfront.net%2fFinisar-J4858A-Fin-1.jpg&bh=250","Finisar J4858A-Fin X121 1G SFP LC SX Transceiver","Contact for Pricing","Availability: Contact for Availability","J4858A-Fin","Finisar J4858A-Fin X121 1G SFP LC SX TransceiverThis item is Refurbished. This item has been tested by Vibrant's team of experienced technicians test to ensure proper operation.","https://www.vibrant.com/HP-JD506A.html","https://www.vibrant.com/resize?po=https%3a%2f%2fd68bu9da8k2nr.cloudfront.net%2fHP-JD506A-1.jpg&bh=250","HP JD506A XFP 1x 10 GBase-CX4 Transceiver Module","Contact for Pricing","Availability: In Stock","JD506A","HP JD506A XFP 1x 10 GBase-CX4 Transceiver ModuleThis item is New Open Box.","https://www.vibrant.com/HP-J9152A.html","https://www.vibrant.com/resize?po=https%3a%2f%2fd68bu9da8k2nr.cloudfront.net%2fHP-J9152A-1.jpg&bh=250","HP J9152A SFP+ TRANSCEIVER MODULE 10GBASE-LRM","Contact for Pricing","Availability: Contact for Availability","J9152A","HP J9152A SFP+ TRANSCEIVER MODULE 10GBASE-LRMThis item is Refurbished. This item has been tested by Vibrant's team of experienced technicians test to ensure proper operation.","mailto:sales@vibrant.com","mailto:sales@vibrant.com","mailto:sales@vibrant.com",""
"https://www.vibrant.com/oem-331-5311-AX.html","https://www.vibrant.com/resize?po=https%3a%2f%2fd68bu9da8k2nr.cloudfront.net%2foem-331-5311-AX-1.jpg&bh=250","Axiom 331-5311-AX 10GBASE-SR SFP+ Transceiver","$25.00","Availability: In Stock","331-5311-AX","Axiom 331-5311-AX 10GBASE-SR SFP+ TransceiverThis item is Refurbished. This item has been tested by Vibrant's team of experienced technicians test to ensure proper operation.","https://www.vibrant.com/Cisco-XFP-10G-MM-SR.html","https://www.vibrant.com/resize?po=https%3a%2f%2fd68bu9da8k2nr.cloudfront.net%2fCisco-XFP-10G-MM-SR-1.jpg&bh=250","Cisco XFP-10G-MM-SR 10GBase SR XFP Transceiver Module","$25.00","Availability: In Stock","XFP-10G-MM-SR","Cisco XFP-10G-MM-SR 10GBase SR XFP Transceiver ModuleThis item is Refurbished. This item has been tested by Vibrant's team of experienced technicians test to ensure proper operation.","https://www.vibrant.com/Finisar-FTLF8528P2BCV-HD.html","https://www.vibrant.com/resize?po=https%3a%2f%2fd68bu9da8k2nr.cloudfront.net%2fFinisar-FTLF8528P2BCV-HD-1.jpg&bh=250","Finisar FTLF8528P2BCV-HD 8GB SFP Transceiver","$60.00","Availability: Contact for Availability","FTLF8528P2BCV-HD","Finisar FTLF8528P2BCV-HD 8GB SFP TransceiverThis item is Refurbished. This item has been tested by Vibrant's team of experienced technicians test to ensure proper operation.","https://www.vibrant.com/Brocade-57-0000088-01.html","https://www.vibrant.com/resize?po=https%3a%2f%2fd68bu9da8k2nr.cloudfront.net%2fBrocade-57-0000088-01-1.jpg&bh=250","Brocade 57-0000088-01 16Gb SW SFP Transceiver","Contact for Pricing","Availability: In Stock","57-0000088-01","Brocade 57-0000088-01 16Gb SW SFP TransceiverThis item is Refurbished. This item has been tested by Vibrant's team of experienced technicians test to ensure proper operation.","mailto:sales@vibrant.com","","",""
"https://www.vibrant.com/IBM-88Y6395.html","https://www.vibrant.com/resize?po=https%3a%2f%2fd68bu9da8k2nr.cloudfront.net%2fIBM-88Y6395-1.jpg&bh=250","IBM 88Y6395 Brocade 16Gb SW SFP Transceiver","$60.00","Availability: In Stock","88Y6395","IBM 88Y6395 Brocade 16Gb SW SFP TransceiverThis item is Refurbished. This item has been tested by Vibrant's team of experienced technicians test to ensure proper operation.","https://www.vibrant.com/IBM-88Y6396.html","https://www.vibrant.com/resize?po=https%3a%2f%2fd68bu9da8k2nr.cloudfront.net%2fIBM-88Y6396-1.jpg&bh=250","IBM 88Y6396 Brocade 16Gb SW SFP Transceiver","$60.00","Availability: In Stock","88Y6396","IBM 88Y6396 Brocade 16Gb SW SFP TransceiverThis item is Refurbished. This item has been tested by Vibrant's team of experienced technicians test to ensure proper operation.","https://www.vibrant.com/JUNIPER-740-031980.html","https://www.vibrant.com/resize?po=https%3a%2f%2fd68bu9da8k2nr.cloudfront.net%2fJUNIPER-740-031980-1.jpg&bh=250","JUNIPER 740-031980 10GB SFP + SR Optical Transceiver Eth SFP","$30.00","Availability: In Stock","740-031980","JUNIPER 740-031980 10GB SFP + SR Optical Transceiver Ethernet SFP MultimodeComes as picturedThis item is Refurbished. This item has been tested by Vibrant's team of experienced technicians test to ensure proper operation.","https://www.vibrant.com/JUNIPER-SFP-1GE-T.html","https://www.vibrant.com/resize?po=https%3a%2f%2fd68bu9da8k2nr.cloudfront.net%2fJUNIPER-SFP-1GE-T-1.jpg&bh=250","JUNIPER SFP-1GE-T 1000Base-T Gigabit Ethernet Copper SFP Transceiver Module","Contact for Pricing","Availability: Contact for Availability","SFP-1GE-T","JUNIPER SFP-1GE-T 1000Base-T Gigabit Ethernet Copper SFP Transceiver ModuleThis item is Refurbished. This item has been tested by Vibrant's team of experienced technicians test to ensure proper operation.","mailto:sales@vibrant.com","","",""
"https://www.vibrant.com/JUNIPER-EX-SFP-1GE-T.html","https://www.vibrant.com/resize?po=https%3a%2f%2fd68bu9da8k2nr.cloudfront.net%2fJUNIPER-EX-SFP-1GE-T-1.jpg&bh=250","New Sealed Genuine Juniper EX-SFP-1GE-T 1000Base-T Copper SFP Transceiver","Contact for Pricing","Availability: Contact for Availability","EX-SFP-1GE-T","New Sealed Genuine Juniper EX-SFP-1GE-T 1000Base-T Copper SFP Transceiver ModuleThis item is New.","https://www.vibrant.com/Cisco-SFP-10G-MM-SR.html","https://www.vibrant.com/resize?po=https%3a%2f%2fd68bu9da8k2nr.cloudfront.net%2fCisco-SFP-10G-MM-SR-1.jpg&bh=250","Cisco SFP-10G-MM-SR 10GBase SR XFP Transceiver Module NEW SEALED","Contact for Pricing","Availability: Contact for Availability","SFP-10G-MM-SR","Cisco SFP-10G-MM-SR 10GBase SR XFP Transceiver Module NEW SEALEDThis item is New Sealed.","https://www.vibrant.com/IBM-46C3449.html","https://www.vibrant.com/resize?po=https%3a%2f%2fd68bu9da8k2nr.cloudfront.net%2fIBM-46C3449-1.jpg&bh=250","IBM 46C3449 10GB SFP + Transceiver Short Range","Contact for Pricing","Availability: Contact for Availability","46C3449","IBM 46C3449 10GB SFP + Transceiver Short RangeThis item is Refurbished. This item has been tested by Vibrant's team of experienced technicians test to ensure proper operation.","https://www.vibrant.com/HP-AW537A.html","https://www.vibrant.com/resize?po=https%3a%2f%2fd68bu9da8k2nr.cloudfront.net%2fHP-AW537A-1.jpg&bh=250","HP AW537A 1GB Ethernet Copper SFP Transceiver HPE-B-Series","Contact for Pricing","Availability: Contact for Availability","AW537A","HP AW537A 1GB Ethernet Copper SFP Transceiver HPE-B-SeriesThis item is Refurbished. This item has been tested by Vibrant's team of experienced technicians test to ensure proper operation.","mailto:sales@vibrant.com","mailto:sales@vibrant.com","mailto:sales@vibrant.com","mailto:sales@vibrant.com"
"https://www.vibrant.com/HP-582639-001.html","https://www.vibrant.com/resize?po=https%3a%2f%2fd68bu9da8k2nr.cloudfront.net%2fHP-582639-001-1.jpg&bh=250","HP 582639-001 1GB Ethernet Copper SFP Transceiver HPE-B-Series","$11.99","Availability: Contact for Availability","582639-001","HP 582639-001 1GB Ethernet Copper SFP Transceiver HPE-B-SeriesThis item is Refurbished. This item has been tested by Vibrant's team of experienced technicians test to ensure proper operation.","https://www.vibrant.com/HP-JD092B-N.html","https://www.vibrant.com/resize?po=https%3a%2f%2fd68bu9da8k2nr.cloudfront.net%2fHP-JD092B-N-1.jpg&bh=250","HP JD092B x130 SFP + LC SR Transceiver New Sealed","Contact for Pricing","Availability: Contact for Availability","JD092B-N","HP JD092B x130 SFP + LC SR Transceiver New SealedThis item is New.","https://www.vibrant.com/HP-JD117B-NEW.html","https://www.vibrant.com/resize?po=https%3a%2f%2fd68bu9da8k2nr.cloudfront.net%2fHP-JD117B-NEW-1.jpg&bh=250","HP JD117B X130 10G XFP LC SR Transceiver","Contact for Pricing","Availability: Contact for Availability","JD117B-NEW","HP JD117B X130 10G XFP LC SR TransceiverThis item is New in Box.","https://www.vibrant.com/Extreme-4050-00041-01.html","https://www.vibrant.com/resize?po=https%3a%2f%2fd68bu9da8k2nr.cloudfront.net%2fExtreme-4050-00041-01-1.jpg&bh=250","Extreme 4050-00041-01 10Gb SR SFP+ Transceiver Module","Contact for Pricing","Availability: In Stock","4050-00041-01","Extreme 4050-00041-01 10Gb SR SFP+ Transceiver ModuleThis item is Refurbished. This item has been tested by Vibrant's team of experienced technicians test to ensure proper operation.","mailto:sales@vibrant.com","mailto:sales@vibrant.com","mailto:sales@vibrant.com",""
"https://www.vibrant.com/HP-JD118B-NOB.html","https://www.vibrant.com/resize?po=https%3a%2f%2fd68bu9da8k2nr.cloudfront.net%2fHP-JD118B-NOB-1.jpg&bh=250","HP JD118B New Open Box X120 1Gb SFP LC SX Transceiver","Contact for Pricing","Availability: Contact for Availability","JD118B-NOB","HP JD118B New Open Box X120 1Gb SFP LC SX TransceiverThis item is New Open Box.","https://www.vibrant.com/HP-JD118B.html","https://www.vibrant.com/resize?po=https%3a%2f%2fd68bu9da8k2nr.cloudfront.net%2fHP-JD118B-1.jpg&bh=250","HP JD118B X120 1Gb SFP LC SX Transceiver","Contact for Pricing","Availability: Contact for Availability","JD118B","HP JD118B X120 1Gb SFP LC SX TransceiverThis item is Refurbished. This item has been tested by Vibrant's team of experienced technicians test to ensure proper operation.","https://www.vibrant.com/HP-582640-001.html","https://www.vibrant.com/resize?po=https%3a%2f%2fd68bu9da8k2nr.cloudfront.net%2fHP-582640-001-1.jpg&bh=250","HP 582640-001 SPS-SFP B-Series 8Gb ELW Transceiver","Contact for Pricing","Availability: Contact for Availability","582640-001","HP 582640-001 SPS-SFP B-Series 8Gb ELW TransceiverThis item is Refurbished. This item has been tested by Vibrant's team of experienced technicians test to ensure proper operation.","https://www.vibrant.com/HP-AW538A.html","https://www.vibrant.com/resize?po=https%3a%2f%2fd68bu9da8k2nr.cloudfront.net%2fHP-AW538A-1.jpg&bh=250","HP AW538A SPS-SFP B-Series 8Gb ELW Transceiver","Contact for Pricing","Availability: Contact for Availability","AW538A","HP AW538A SPS-SFP B-Series 8Gb ELW TransceiverThis item is Refurbished. This item has been tested by Vibrant's team of experienced technicians test to ensure proper operation.","mailto:sales@vibrant.com","mailto:sales@vibrant.com","mailto:sales@vibrant.com","mailto:sales@vibrant.com"
"https://www.vibrant.com/CISCO-QSFP-4SFP10G-CU3M.html","https://www.vibrant.com/resize?po=https%3a%2f%2fd68bu9da8k2nr.cloudfront.net%2fCISCO-QSFP-4SFP10G-CU3M-1.jpg&bh=250","CISCO QSFP-4SFP10G-CU3M 40-Gigabit QSFP+ Transceiver Module","$30.00","Availability: In Stock","QSFP-4SFP10G-CU3M","CISCO QSFP-4SFP10G-CU3M 40-Gigabit QSFP+ Transceiver ModuleThis item is Refurbished. This item has been tested by Vibrant's team of experienced technicians test to ensure proper operation.","https://www.vibrant.com/CISCO-DS-SFP-FC16G-SW-10x.html","https://www.vibrant.com/resize?po=https%3a%2f%2fd68bu9da8k2nr.cloudfront.net%2fCISCO-DS-SFP-FC16G-SW-10x-1.jpg&bh=250","Lot of 10 New Genuine Cisco DS-SFP-FC16G-SW SFP+ transceiver - LC multi-mode","Contact for Pricing","Availability: Contact for Availability","DS-SFP-FC16G-SW-10x","Lot of 10 NEW 16Gb Fibre Channel S/W SFP+ LC, selaed in Static-free bagsCisco - SFP+ transceiver module - LC multi-mode - up to 1310 ft - 850 nm - for P/N: DS-X9448-768K9=The Cisco 16-Gbps Fiber Channel SFP+ transceiver is designed to provide Fiber Channel connectivity for the 16-Gbps ports.This item is New.","https://www.vibrant.com/CISCO-DS-SFP-FC16G-SW-25x.html","https://www.vibrant.com/resize?po=https%3a%2f%2fd68bu9da8k2nr.cloudfront.net%2fCISCO-DS-SFP-FC16G-SW-25x-1.jpg&bh=250","Lot of 25 New CISCO DS-SFP-FC16G-SW SFP+ transceiver module - LC multi-mode","Contact for Pricing","Availability: Contact for Availability","DS-SFP-FC16G-SW-25x","Lot of 25 New, Genuine 16Gb Fibre Channel S/W SFP+ LC, sealed in static-free bagsCisco - SFP+ transceiver module - LC multi-mode - up to 1310 ft - 850 nm - for P/N: DS-X9448-768K9=The Cisco 16-Gbps Fiber Channel SFP+ transceiver is designed to provide Fiber Channel connectivity for the 16-Gbps ports.This item is New.","https://www.vibrant.com/CISCO-DS-SFP-FC16G-SW-50x.html","https://www.vibrant.com/resize?po=https%3a%2f%2fd68bu9da8k2nr.cloudfront.net%2fCISCO-DS-SFP-FC16G-SW-50x-1.jpg&bh=250","Lot of 50 NEW Cisco 16Gb DS-SFP-FC16G-SW SFP+ transceiver,  LC multi-mode","Contact for Pricing","Availability: Contact for Availability","DS-SFP-FC16G-SW-50x","Lot of 50 New, Genuine 16Gb Fibre Channel S/W SFP+ LC, sealed in static-free bagsCisco - SFP+ transceiver module - LC multi-mode - up to 1310 ft - 850 nm - for P/N: DS-X9448-768K9=The Cisco 16-Gbps Fiber Channel SFP+ transceiver is designed to provide Fiber Channel connectivity for the 16-Gbps ports.This item is New.","mailto:sales@vibrant.com","mailto:sales@vibrant.com","mailto:sales@vibrant.com",""
"https://www.vibrant.com/CISCO-DS-SFP-FC16G-SW-100x.html","https://www.vibrant.com/resize?po=https%3a%2f%2fd68bu9da8k2nr.cloudfront.net%2fCISCO-DS-SFP-FC16G-SW-100x-1.jpg&bh=250","Lot of 100 NEW Cisco 16Gb DS-SFP-FC16G-SW SFP+ transceiver mod, LC multi-mode","Contact for Pricing","Availability: Contact for Availability","DS-SFP-FC16G-SW-100x","Lot of 100 New 16Gb Fibre Channel S/W SFP+ LC, sealed in static-free bagsCisco - SFP+ transceiver module - LC multi-mode - up to 1310 ft - 850 nm - for P/N: DS-X9448-768K9=The Cisco 16-Gbps Fiber Channel SFP+ transceiver is designed to provide Fiber Channel connectivity for the 16-Gbps ports.This item is New.","https://www.vibrant.com/CISCO-DS-SFP-FC16G-SW-200x.html","https://www.vibrant.com/resize?po=https%3a%2f%2fd68bu9da8k2nr.cloudfront.net%2fCISCO-DS-SFP-FC16G-SW-200x-1.jpg&bh=250","Lot of 200 NEW Cisco 16Gb DS-SFP-FC16G-SW SFP+ transceiver mod, LC multi-mode","Contact for Pricing","Availability: Contact for Availability","DS-SFP-FC16G-SW-200x","Lot of 200 New Genuine 16Gb Fibre Channel S/W SFP+ LC, sealed in static-free bagsCisco - SFP+ transceiver module - LC multi-mode - up to 1310 ft - 850 nm - for P/N: DS-X9448-768K9=The Cisco 16-Gbps Fiber Channel SFP+ transceiver is designed to provide Fiber Channel connectivity for the 16-Gbps ports.This item is New.","https://www.vibrant.com/Cisco-GLC-GE-100FX.html","https://www.vibrant.com/resize?po=https%3a%2f%2fd15qtt05c8rmkb.cloudfront.net%2fvibrant.jpg&bh=250","Cisco GLC-GE-100FX 100BaseFX SFP Transceiver Module","Contact for Pricing","Availability: Contact for Availability","GLC-GE-100FX","Cisco GLC-GE-100FX 100BaseFX SFP Transceiver ModuleThis item is Refurbished. This item has been tested by Vibrant's team of experienced technicians test to ensure proper operation.","https://www.vibrant.com/IBM-46N5592.html","https://www.vibrant.com/resize?po=https%3a%2f%2fd68bu9da8k2nr.cloudfront.net%2fIBM-46N5592-1.jpg&bh=250","IBM 46N5592 10Gb SFP+ SR (Short-Range) Transceiver","Contact for Pricing","Availability: Contact for Availability","46N5592","IBM 46N5592 10Gb SFP+ SR (Short-Range) TransceiverThis item is Refurbished. This item has been tested by Vibrant's team of experienced technicians test to ensure proper operation.","mailto:sales@vibrant.com","mailto:sales@vibrant.com","mailto:sales@vibrant.com","mailto:sales@vibrant.com"
"https://www.vibrant.com/IBM-46N5368.html","https://www.vibrant.com/resize?po=https%3a%2f%2fd68bu9da8k2nr.cloudfront.net%2fIBM-46N5368-1.jpg&bh=250","IBM 46N5368 10Gb SFP+ SR (Short-Range) Transceiver","$20.00","Availability: Contact for Availability","46N5368","IBM 46N5368 10Gb SFP+ SR (Short-Range) TransceiverThis item is Refurbished. This item has been tested by Vibrant's team of experienced technicians test to ensure proper operation.","https://www.vibrant.com/IBM-AFBR-703SDZ-IB2.html","https://www.vibrant.com/resize?po=https%3a%2f%2fd68bu9da8k2nr.cloudfront.net%2fIBM-AFBR-703SDZ-IB2-1.jpg&bh=250","IBM AFBR-703SDZ-IB2 10Gb SFP+ SR (Short-Range) Transceiver","Contact for Pricing","Availability: Contact for Availability","AFBR-703SDZ-IB2","IBM AFBR-703SDZ-IB2 10Gb SFP+ SR (Short-Range) TransceiverThis item is Refurbished. This item has been tested by Vibrant's team of experienced technicians test to ensure proper operation.","https://www.vibrant.com/CISCO-FET-10G.html","https://www.vibrant.com/resize?po=https%3a%2f%2fd68bu9da8k2nr.cloudfront.net%2fCISCO-FET-10G-1.jpg&bh=250","CISCO FET-10G 10G Base SR SFP+ Transceiver","Contact for Pricing","Availability: In Stock","FET-10G","CISCO FET-10G 10G Base SR SFP+ TransceiverThis item is Refurbished. This item has been tested by Vibrant's team of experienced technicians test to ensure proper operation.","https://www.vibrant.com/Qlogic-FTLF8529P3BCV-QL.html","https://www.vibrant.com/resize?po=https%3a%2f%2fd68bu9da8k2nr.cloudfront.net%2fQlogic-FTLF8529P3BCV-QL-1.jpg&bh=250","Qlogic FTLF8529P3BCV-QL 16Gb SW SFP Transceiver Module","Contact for Pricing","Availability: Contact for Availability","FTLF8529P3BCV-QL","Qlogic FTLF8529P3BCV-QL 16Gb SW SFP Transceiver ModuleThis item is Refurbished. This item has been tested by Vibrant's team of experienced technicians test to ensure proper operation.","mailto:sales@vibrant.com","mailto:sales@vibrant.com","mailto:sales@vibrant.com",""
"https://www.vibrant.com/Finisar-FTLF8528P2BNV.html","https://www.vibrant.com/resize?po=https%3a%2f%2fd68bu9da8k2nr.cloudfront.net%2fFinisar-FTLF8528P2BNV-1.jpg&bh=250","Finisar FTLF8528P2BNV 8GB SFP+ Transceiver","$35.00","Availability: Contact for Availability","FTLF8528P2BNV","Finisar FTLF8528P2BNV 8GB SFP+ TransceiverThis item is Refurbished. This item has been tested by Vibrant's team of experienced technicians test to ensure proper operation.","https://www.vibrant.com/Cisco-30-1299-01.html","https://www.vibrant.com/resize?po=https%3a%2f%2fd68bu9da8k2nr.cloudfront.net%2fCisco-30-1299-01-1.jpg&bh=250","Cisco 30-1299-01 1000BASE-LX/LH SFP Transceiver Module","$9.95","Availability: In Stock","30-1299-01","Cisco 30-1299-01 1000BASE-LX/LH SFP Transceiver Module CISCO ORIGINALThis item is Refurbished. This item has been tested by Vibrant's team of experienced technicians test to ensure proper operation.","https://www.vibrant.com/CISCO-SFP-10G-ZR.html","https://www.vibrant.com/resize?po=https%3a%2f%2fd68bu9da8k2nr.cloudfront.net%2fCISCO-SFP-10G-ZR-1.jpg&bh=250","CISCO SFP-10G-ZR 10G Base-ZR SFP+ Transceiver Module","Contact for Pricing","Availability: Contact for Availability","SFP-10G-ZR","CISCO SFP-10G-ZR 10G Base-ZR SFP+ Transceiver ModuleThis item is New Sealed.","https://www.vibrant.com/Finisar-FTLX8571D3BCL.html","https://www.vibrant.com/resize?po=https%3a%2f%2fd68bu9da8k2nr.cloudfront.net%2fFinisar-FTLX8571D3BCL-1.jpg&bh=250","Finisar FTLX8571D3BCL 10Gbps 850nm SFP+ Transceiver","Contact for Pricing","Availability: In Stock","FTLX8571D3BCL","Finisar FTLX8571D3BCL 10Gbps 850nm SFP+ TransceiverThis item is Refurbished. This item has been tested by Vibrant's team of experienced technicians test to ensure proper operation.","mailto:sales@vibrant.com","mailto:sales@vibrant.com","",""
"https://www.vibrant.com/Finisar-FTLX1471D3BCL.html","https://www.vibrant.com/resize?po=https%3a%2f%2fd68bu9da8k2nr.cloudfront.net%2fFinisar-FTLX1471D3BCL-1.jpg&bh=250","Finisar FTLX1471D3BCL 10GB SFP+ Transceiver 1310NM LR","$40.00","Availability: Contact for Availability","FTLX1471D3BCL","Finisar FTLX1471D3BCL 10GB SFP+ Transceiver 1310NM LRThis item is Refurbished. This item has been tested by Vibrant's team of experienced technicians test to ensure proper operation.","https://www.vibrant.com/ProLabs-SFP-10G-SR-C-REF.html","https://www.vibrant.com/resize?po=https%3a%2f%2fd68bu9da8k2nr.cloudfront.net%2fProLabs-SFP-10G-SR-C-REF-1.jpg&bh=250","ProLabs SFP-10G-SR-C-REF 10GBASE-SR SFP+ SFP-10G-SR-C Transceiver","Contact for Pricing","Availability: In Stock","SFP-10G-SR-C-REF","ProLabs SFP-10G-SR-C-REF 10GBASE-SR SFP+ SFP-10G-SR-C TransceiverThis item is Refurbished. This item has been tested by Vibrant's team of experienced technicians test to ensure proper operation.","https://www.vibrant.com/CISCO-QSFP-40G-SR4-S.html","https://www.vibrant.com/resize?po=https%3a%2f%2fd68bu9da8k2nr.cloudfront.net%2fCISCO-QSFP-40G-SR4-S-1.jpg&bh=250","CISCO QSFP-40G-SR4-S S-Class QSFP+Transceiver-40Gb Ethernet","Contact for Pricing","Availability: Contact for Availability","QSFP-40G-SR4-S","CISCO QSFP-40G-SR4-S S-Class QSFP+Transceiver-40Gb EthernetThis item is Refurbished. This item has been tested by Vibrant's team of experienced technicians test to ensure proper operation.","https://www.vibrant.com/CISCO-QSFP-40G-SR4-S-NIB.html","https://www.vibrant.com/resize?po=https%3a%2f%2fd68bu9da8k2nr.cloudfront.net%2fCISCO-QSFP-40G-SR4-S-NIB-1.jpg&bh=250","CISCO QSFP-40G-SR4-S New In Box S-Class QSFP+Transceiver-40Gb Ethernet","Contact for Pricing","Availability: Contact for Availability","QSFP-40G-SR4-S-NIB","CISCO QSFP-40G-SR4-S New In Box S-Class QSFP+Transceiver-40Gb EthernetThis item is New in Box.","mailto:sales@vibrant.com","mailto:sales@vibrant.com","mailto:sales@vibrant.com",""
"https://www.vibrant.com/HP-J4858C-N.html","https://www.vibrant.com/resize?po=https%3a%2f%2fd68bu9da8k2nr.cloudfront.net%2fHP-J4858C-N-1.jpg&bh=250","HP J4858C New in Box Procurve Gigabit SX-LC Mini-Gbic SFP Transceiver","$25.00","Availability: Contact for Availability","J4858C-N","HP J4858C New in Box Procurve Gigabit SX-LC Mini-Gbic SFP TransceiverThis item is New in Box.","https://www.vibrant.com/Dell-N743D.html","https://www.vibrant.com/resize?po=https%3a%2f%2fd68bu9da8k2nr.cloudfront.net%2fDell-N743D-1.jpg&bh=250","Dell N743D Finisar FTLX8571D3BCL 10GB SFP SR Transceiver","$7.95","Availability: In Stock","N743D","Dell N743D Finisar FTLX8571D3BCL 10GB SFP SR TransceiverThis item is Refurbished. This item has been tested by Vibrant's team of experienced technicians test to ensure proper operation.","https://www.vibrant.com/HP-22R6442.html","https://www.vibrant.com/resize?po=https%3a%2f%2fd68bu9da8k2nr.cloudfront.net%2fHP-22R6442-1.jpg&bh=250","HP 22R6442 4Gbps GBIC SFP SW Transceiver for 1818-51A","Contact for Pricing","Availability: Contact for Availability","22R6442","22R6442 4Gbps GBIC SFP SW Transceiver for 1818-51AThis item is Refurbished. This item has been tested by Vibrant's team of experienced technicians test to ensure proper operation.","https://www.vibrant.com/JUNIPER-740-021308.html","https://www.vibrant.com/resize?po=https%3a%2f%2fd68bu9da8k2nr.cloudfront.net%2fJUNIPER-740-021308-1.jpg&bh=250","JUNIPER 740-021308 EX-SFP 10GbE SR SFP+ Transceiver","Contact for Pricing","Availability: In Stock","740-021308","JUNIPER 740-021308 EX-SFP 10GbE SR SFP+ TransceiverThis item is Refurbished. This item has been tested by Vibrant's team of experienced technicians test to ensure proper operation.","mailto:sales@vibrant.com","mailto:sales@vibrant.com","",""
"https://www.vibrant.com/JUNIPER-740-021308-10xLot.html","https://www.vibrant.com/resize?po=https%3a%2f%2fd68bu9da8k2nr.cloudfront.net%2fJUNIPER-740-021308-10xLot-1.jpg&bh=250","Lot of 10 Juniper 740-021308 EX-SFP-10GE-SR 10GbE SR SFP+  Transceiver","$30.00","Availability: Contact for Availability","740-021308-10xLot","Lot of 10 Juniper 740-021308 EX-SFP-10GE-SR 10GbE SR SFP+ TransceiverThis item is Refurbished. This item has been tested by Vibrant's team of experienced technicians test to ensure proper operation.","https://www.vibrant.com/Finisar-FTLX8571D3BCL-EX.html","https://www.vibrant.com/resize?po=https%3a%2f%2fd68bu9da8k2nr.cloudfront.net%2fFinisar-FTLX8571D3BCL-EX-1.jpg&bh=250","Extreme Finisar FTLX8571D3BCL-EX SFP+ 10GB SR Transceiver","Contact for Pricing","Availability: In Stock","FTLX8571D3BCL-EX","Extreme Finisar FTLX8571D3BCL-EX SFP+ 10GB SR TransceiverThis item is Refurbished. This item has been tested by Vibrant's team of experienced technicians test to ensure proper operation.","https://www.vibrant.com/CISCO-1000BASE-SX.html","https://www.vibrant.com/resize?po=https%3a%2f%2fd68bu9da8k2nr.cloudfront.net%2fCISCO-1000BASE-SX-1.jpg&bh=250","CISCO 1000 Base-SX Transceiver","Contact for Pricing","Availability: Contact for Availability","1000BASE-SX","CISCO 1000 Base-SX TransceiverThis item is Refurbished. This item has been tested by Vibrant's team of experienced technicians test to ensure proper operation.","https://www.vibrant.com/Extreme-TRS5020EN-S301.html","https://www.vibrant.com/resize?po=https%3a%2f%2fd68bu9da8k2nr.cloudfront.net%2fExtreme-TRS5020EN-S301-1.jpg&bh=250","Extreme TRS5020EN-S301 10G SFP+ LR 1310N Transceiver","Contact for Pricing","Availability: Contact for Availability","TRS5020EN-S301","Extreme TRS5020EN-S301 10G SFP+ LR 1310N TransceiverThis item is Refurbished. This item has been tested by Vibrant's team of experienced technicians test to ensure proper operation.","mailto:sales@vibrant.com","mailto:sales@vibrant.com","mailto:sales@vibrant.com",""
"https://www.vibrant.com/Extreme-FCLF-8520-3-EX.html","https://www.vibrant.com/resize?po=https%3a%2f%2fd68bu9da8k2nr.cloudfront.net%2fExtreme-FCLF-8520-3-EX-1.jpg&bh=250","Extreme FCLF-8520-3-EX Finisar 1000Base-T Copper SFP Transceiver","Contact for Pricing","Availability: Contact for Availability","FCLF-8520-3-EX","Extreme FCLF-8520-3-EX Finisar 1000Base-T Copper SFP TransceiverThis item is Refurbished. This item has been tested by Vibrant's team of experienced technicians test to ensure proper operation.","https://www.vibrant.com/IBM-77P9336.html","https://www.vibrant.com/resize?po=https%3a%2f%2fd68bu9da8k2nr.cloudfront.net%2fIBM-77P9336-1.jpg&bh=250","IBM 77P9336 10Gbps 850nm SFP+ Transceiver","Contact for Pricing","Availability: Contact for Availability","77P9336","Finisar FTLX8571D3BCL 10Gbps 850nm SFP+ TransceiverThis item is Refurbished. This item has been tested by Vibrant's team of experienced technicians test to ensure proper operation.","https://www.vibrant.com/JUNIPER-CFP-100GBASE-LR4.html","https://www.vibrant.com/resize?po=https%3a%2f%2fd68bu9da8k2nr.cloudfront.net%2fJUNIPER-CFP-100GBASE-LR4-1.jpg&bh=250","Juniper Original CFP-100GBASE-LR4 100Gb Single Mode 10km CFP Transceiver","Contact for Pricing","Availability: Contact for Availability","CFP-100GBASE-LR4","Juniper CFP-100GBASE-LR4 100Gb Single Mode 10km CFP Transceiver ModuleCompatible with:PD-1CE-CFP-FPC4EX9200-2C-8XSMIC3-3D-1X100GE-CFPMPC4E-3D-2CGE-8XGEP1-PTX-2-100GE-CFP,PF-1CGE-CFPMX240, MX480, MX960MX2008, MX2010, MX2020T1600, T4000PTX3000,PTX5000EX9204, EX908, EX9214This item is Refurbished. This item has been tested by Vibrant's team of experienced technicians test to ensure proper operation.","https://www.vibrant.com/JUNIPER-740-011616.html","https://www.vibrant.com/resize?po=https%3a%2f%2fd68bu9da8k2nr.cloudfront.net%2fJUNIPER-740-011616-1.jpg&bh=250","JUNIPER 740-011616 Single Mode SFP OC-12 Transceiver Module","Contact for Pricing","Availability: Contact for Availability","740-011616","JUNIPER 740-011616 Single Mode SFP OC-12 Transceiver ModuleThis item is Refurbished. This item has been tested by Vibrant's team of experienced technicians test to ensure proper operation.","mailto:sales@vibrant.com","mailto:sales@vibrant.com","mailto:sales@vibrant.com","mailto:sales@vibrant.com"
"https://www.vibrant.com/JUNIPER-740-011786.html","https://www.vibrant.com/resize?po=https%3a%2f%2fd68bu9da8k2nr.cloudfront.net%2fJUNIPER-740-011786-1.jpg&bh=250","JUNIPER 740-011786 SFP OC-48 Transceiver","$35.00","Availability: In Stock","740-011786","JUNIPER 740-011786 SFP OC-48 TransceiverThis item is Refurbished. This item has been tested by Vibrant's team of experienced technicians test to ensure proper operation.","https://www.vibrant.com/JUNIPER-740-013111.html","https://www.vibrant.com/resize?po=https%3a%2f%2fd68bu9da8k2nr.cloudfront.net%2fJUNIPER-740-013111-1.jpg&bh=250","Juniper 740-013111 SFP-1-T 1000Base-T SFP Copper Transceiver","$8.95","Availability: Contact for Availability","740-013111","Juniper 740-013111 SFP-1-T 1000Base-T SFP Copper TransceiverThis item is Refurbished. This item has been tested by Vibrant's team of experienced technicians test to ensure proper operation.","https://www.vibrant.com/JUNIPER-740-014289.html","https://www.vibrant.com/resize?po=https%3a%2f%2fd68bu9da8k2nr.cloudfront.net%2fJUNIPER-740-014289-1.jpg&bh=250","Juniper 740-014289 10GE XFP Transceiver Genuine 10GBASE-SR","$10.00","Availability: In Stock","740-014289","Juniper 740-014289 10GE XFP Transceiver Genuine 10GBASE-SRThis item is Refurbished. This item has been tested by Vibrant's team of experienced technicians test to ensure proper operation.","https://www.vibrant.com/HP-A7446B.html","https://www.vibrant.com/resize?po=https%3a%2f%2fd68bu9da8k2nr.cloudfront.net%2fHP-A7446B-1.jpg&bh=250","HP A7446B 4GB Short Wave Single Pack SFP Transceiver","Contact for Pricing","Availability: In Stock","A7446B","HP A7446B 4GB Short Wave Single Pack SFP TransceiverThis item is Refurbished. This item has been tested by Vibrant's team of experienced technicians test to ensure proper operation.","mailto:sales@vibrant.com","","",""
"https://www.vibrant.com/HP-AJ717A.html","https://www.vibrant.com/resize?po=https%3a%2f%2fd68bu9da8k2nr.cloudfront.net%2fHP-AJ717A-1.jpg&bh=250","HP AJ717A 8GB Long Wave B-Series 10KM Fiber Channel 1 PACK SFP+ Transceiver","Contact for Pricing","Availability: Contact for Availability","AJ717A","HP AJ717A 8GB LONG WAVE B-SERIES 10KM FIBRE CHANNEL 1 PACK SFP+ TRANSCEIVERThis item is New Open Box.","https://www.vibrant.com/Brocade-XBR-000146.html","https://www.vibrant.com/resize?po=https%3a%2f%2fd68bu9da8k2nr.cloudfront.net%2fBrocade-XBR-000146-1.jpg&bh=250","Brocade XBR-000146 Brocade 4GB Extended Long Wavelength  Optical Transceiver","Contact for Pricing","Availability: Contact for Availability","XBR-000146","Brocade OriginalThis item is Refurbished. This item has been tested by Vibrant's team of experienced technicians test to ensure proper operation.","https://www.vibrant.com/NetApp-X6529.html","https://www.vibrant.com/resize?po=https%3a%2f%2fd15qtt05c8rmkb.cloudfront.net%2fvibrant.jpg&bh=250","NetApp X6529 2GB GBIC Short Wave Optical Transceiver","Contact for Pricing","Availability: Contact for Availability","X6529","NetApp X6529 2GB GBIC Short Wave Optical TransceiverThis item is Refurbished. This item has been tested by Vibrant's team of experienced technicians test to ensure proper operation.","https://www.vibrant.com/Sun-X5558A-3.html","https://www.vibrant.com/resize?po=https%3a%2f%2fd15qtt05c8rmkb.cloudfront.net%2fvibrant.jpg&bh=250","Sun X5558A-3 10Gb/sec XFP Optical Transceiver Short Range (SR)","Contact for Pricing","Availability: Contact for Availability","X5558A-3","10Gb/sec XFP Optical Transceiver Short Range (SR) Intel XFPThis item is Refurbished. This item has been tested by Vibrant's team of experienced technicians test to ensure proper operation.","mailto:sales@vibrant.com","mailto:sales@vibrant.com","mailto:sales@vibrant.com","mailto:sales@vibrant.com"
"https://www.vibrant.com/Sun-X5558A.html","https://www.vibrant.com/resize?po=https%3a%2f%2fd68bu9da8k2nr.cloudfront.net%2fSun-X5558A-1.jpg&bh=250","Sun X5558A (375-3301) 10Gb/sec XFP Optical Transceiver Short Range (SR)","$125.00","Availability: In Stock","X5558A","Sun X5558A 10Gb/sec XFP Optical Transceiver Short Range (SR)This item is Refurbished. This item has been tested by Vibrant's team of experienced technicians test to ensure proper operation.","https://www.vibrant.com/Cisco-SFP-10G-ER.html","https://www.vibrant.com/resize?po=https%3a%2f%2fd15qtt05c8rmkb.cloudfront.net%2fvibrant.jpg&bh=250","Cisco SFP-10G-ER 10GBASE-ER SFP+ Transceiver Module","$200.00","Availability: Contact for Availability","SFP-10G-ER","Cisco SFP-10G-ER 10GBASE-ER SFP+ Transceiver ModuleThis item is Refurbished. This item has been tested by Vibrant's team of experienced technicians test to ensure proper operation.","https://www.vibrant.com/Sun-SE3X7XT1Z.html","https://www.vibrant.com/resize?po=https%3a%2f%2fd68bu9da8k2nr.cloudfront.net%2fSun-SE3X7XT1Z-1.jpg&bh=250","Sun SE3X7XT1Z 10Gb/sec XFP Optical Transceiver Short Range (SR)","Contact for Pricing","Availability: Contact for Availability","SE3X7XT1Z","10Gb/sec XFP Optical Transceiver Short Range (SR)This item is Refurbished. This item has been tested by Vibrant's team of experienced technicians test to ensure proper operation.","https://www.vibrant.com/DELTA-LCP-155B4JSRT.html","https://www.vibrant.com/resize?po=https%3a%2f%2fd68bu9da8k2nr.cloudfront.net%2fDELTA-LCP-155B4JSRT-1.jpg&bh=250","DELTA LCP-155B4JSRT DELTA OC3/IR-1 SFP TRANSCEIVER","Contact for Pricing","Availability: In Stock","LCP-155B4JSRT","DELTA OC3/IR-1 SFP TRANSCEIVERThis item is New in Box.","mailto:sales@vibrant.com","mailto:sales@vibrant.com","",""
"https://www.vibrant.com/CISCO-DS-X2-FC10G-SR.html","https://www.vibrant.com/resize?po=https%3a%2f%2fd68bu9da8k2nr.cloudfront.net%2fCISCO-DS-X2-FC10G-SR-1.jpg&bh=250","CISCO DS-X2-FC10G-SR Cisco X2 - X2 Transceiver Module- SC Multi-Mode","$45.00","Availability: Contact for Availability","DS-X2-FC10G-SR","Cisco X2 - X2 Transceiver Module - SC Multi-Mode - Up to 980 ft - 850 nm - for P/N: DS-X9704, DS-X9704=This item is Refurbished. This item has been tested by Vibrant's team of experienced technicians test to ensure proper operation.","https://www.vibrant.com/Brocade-57-1000020-01.html","https://www.vibrant.com/resize?po=https%3a%2f%2fd68bu9da8k2nr.cloudfront.net%2fBrocade-57-1000020-01-1.jpg&bh=250","Brocade 57-1000020-01 4GB Extended Long Wavelength  Optical Transceiver","Contact for Pricing","Availability: Contact for Availability","57-1000020-01","Brocade 57-1000020-01 Brocade 4GB Extended Long Wavelength Optical TransceiverThis item is Refurbished. This item has been tested by Vibrant's team of experienced technicians test to ensure proper operation.","https://www.vibrant.com/IBM-53P1223.html","https://www.vibrant.com/resize?po=https%3a%2f%2fd15qtt05c8rmkb.cloudfront.net%2fvibrant.jpg&bh=250","IBM 53P1223 2Gb SFP Transceiver","Contact for Pricing","Availability: Contact for Availability","53P1223","IBM 53P1223 2Gb SFP TransceiverThis item is Refurbished. This item has been tested by Vibrant's team of experienced technicians test to ensure proper operation.","https://www.vibrant.com/Sun-375-3301.html","https://www.vibrant.com/resize?po=https%3a%2f%2fd68bu9da8k2nr.cloudfront.net%2fSun-375-3301-1.jpg&bh=250","Sun 375-3301 10Gb/sec XFP Optical Transceiver Short Range (SR)","Contact for Pricing","Availability: In Stock","375-3301","10Gb/sec XFP Optical Transceiver Short Range (SR)This item is Refurbished. This item has been tested by Vibrant's team of experienced technicians test to ensure proper operation.","mailto:sales@vibrant.com","mailto:sales@vibrant.com","mailto:sales@vibrant.com",""
"https://www.vibrant.com/NetApp-332-00006A0.html","https://www.vibrant.com/resize?po=https%3a%2f%2fd15qtt05c8rmkb.cloudfront.net%2fvibrant.jpg&bh=250","NetApp 332-00006+A0 2GB GBIC Short Wave Optical Transceiver","$17.50","Availability: In Stock","332-00006+A0","NetApp 332-00006+A0 2GB GBIC Short Wave Optical TransceiverThis item is Refurbished. This item has been tested by Vibrant's team of experienced technicians test to ensure proper operation.","https://www.vibrant.com/IBM-26K7941.html","https://www.vibrant.com/resize?po=https%3a%2f%2fd68bu9da8k2nr.cloudfront.net%2fIBM-26K7941-1.jpg&bh=250","IBM 26K7941 Short Wave Transceiver 4Gb SFP Two Pack oem","$5.00","Availability: Contact for Availability","26K7941","IBM 26K7941 Short Wave Transceiver 4Gb SFP Two Pack oemThis item is Refurbished. This item has been tested by Vibrant's team of experienced technicians test to ensure proper operation.","https://www.vibrant.com/HP-229204-001.html","https://www.vibrant.com/resize?po=https%3a%2f%2fd68bu9da8k2nr.cloudfront.net%2fHP-229204-001-1.jpg&bh=250","HP 229204-001 2GB Short Wave SFF Optical Transceiver SFP","Contact for Pricing","Availability: Contact for Availability","229204-001","HP 229204-001 Compaq 2GB SFPThis item is Refurbished. This item has been tested by Vibrant's team of experienced technicians test to ensure proper operation.","https://www.vibrant.com/EMC-019-078-032.html","https://www.vibrant.com/resize?po=https%3a%2f%2fd68bu9da8k2nr.cloudfront.net%2fEMC-019-078-032-1.jpg&bh=250","EMC 019-078-032 4Gb SW SFP Transceiver","Contact for Pricing","Availability: In Stock","019-078-032","EMC 019-078-032 4Gb SW SFP TransceiverThis item is Refurbished. This item has been tested by Vibrant's team of experienced technicians test to ensure proper operation.","mailto:sales@vibrant.com","mailto:sales@vibrant.com","",""
"https://www.vibrant.com/Cisco-X2-10GB-SR-New.html","https://www.vibrant.com/resize?po=https%3a%2f%2fd15qtt05c8rmkb.cloudfront.net%2fvibrant.jpg&bh=250","Cisco X2-10GB-SR 10GBASE-SR Transceiver X2 Module Cisco Original New in Box","$25.00","Availability: Contact for Availability","X2-10GB-SR-New","Cisco X2-10GB-SR 10GBASE-SR Transceiver X2 Module Cisco Original New in BoxThis item is New in Box.","https://www.vibrant.com/OEM-AFBR-703SDZ-ELX.html","https://www.vibrant.com/resize?po=https%3a%2f%2fd68bu9da8k2nr.cloudfront.net%2fOEM-AFBR-703SDZ-ELX-1.jpg&bh=250","AFBR-703SDZ-ELX Avago AFBR-703SDZ-ELX 850nm 10GB Transceiver SFP+","Contact for Pricing","Availability: Contact for Availability","AFBR-703SDZ-ELX","AFBR-703SDZ-ELX Avago AFBR-703SDZ-ELX 850nm 10GB Transceiver SFP+This item is Refurbished. This item has been tested by Vibrant's team of experienced technicians test to ensure proper operation.","https://www.vibrant.com/CISCO-DS-SFP-FC16G-SW-USED.html","https://www.vibrant.com/resize?po=https%3a%2f%2fd15qtt05c8rmkb.cloudfront.net%2fvibrant.jpg&bh=250","CISCO DS-SFP-FC16G-SW 16 GBPS FC SFP+ transceiver module - LC multi-mode","Contact for Pricing","Availability: Contact for Availability","DS-SFP-FC16G-SW-USED","16 GBPS FC S/W SFP+ LCCisco - SFP+ transceiver module - LC multi-mode - up to 1310 ft - 850 nm - for P/N: DS-X9448-768K9=The Cisco 16-Gbps Fiber Channel SFP+ transceiver is designed to provide Fiber Channel connectivity for the 16-Gbps ports.This item is Refurbished. This item has been tested by Vibrant's team of experienced technicians test to ensure proper operation.","https://www.vibrant.com/IBM-90Y9403.html","https://www.vibrant.com/resize?po=https%3a%2f%2fd68bu9da8k2nr.cloudfront.net%2fIBM-90Y9403-1.jpg&bh=250","IBM 90Y9403 8GB SFP + SW Optical Transceiver","Contact for Pricing","Availability: In Stock","90Y9403","IBM 90Y9403 8GB SFP + SW Optical TransceiverThis item is Refurbished. This item has been tested by Vibrant's team of experienced technicians test to ensure proper operation.","mailto:sales@vibrant.com","mailto:sales@vibrant.com","mailto:sales@vibrant.com",""
"https://www.vibrant.com/Sun-X2124A-N.html","https://www.vibrant.com/resize?po=https%3a%2f%2fd68bu9da8k2nr.cloudfront.net%2fSun-X2124A-N-1.jpg&bh=250","Sun X2124A-N (135-1204) 10Gbps QDR Ethernet QSFP Transceiver","$95.00","Availability: In Stock","X2124A-N","Sun X2124A-N 10Gbps QDR Ethernet QSFP TransceiverThis item is Refurbished. This item has been tested by Vibrant's team of experienced technicians test to ensure proper operation.","https://www.vibrant.com/IBM-2801.html","https://www.vibrant.com/resize?po=https%3a%2f%2fd68bu9da8k2nr.cloudfront.net%2fIBM-2801-1.jpg&bh=250","IBM 2801 8GB Sw SFP transceiver","Contact for Pricing","Availability: Contact for Availability","2801","IBM 2801 8GB Sw SFP transceiverThis item is Refurbished. This item has been tested by Vibrant's team of experienced technicians test to ensure proper operation.","https://www.vibrant.com/CISCO-FET-10G-50.html","https://www.vibrant.com/resize?po=https%3a%2f%2fd68bu9da8k2nr.cloudfront.net%2fCISCO-FET-10G-50-1.jpg&bh=250","Lot of 50 CISCO FET-10G-50 10G Base SR SFP+ Transceiver","Contact for Pricing","Availability: Contact for Availability","FET-10G-50","Lot of 50 CISCO FET-10G-50 10G Base SR SFP+ TransceiverThis item is Refurbished. This item has been tested by Vibrant's team of experienced technicians test to ensure proper operation.","https://www.vibrant.com/CISCO-SFP-10G-SR-50.html","https://www.vibrant.com/resize?po=https%3a%2f%2fd68bu9da8k2nr.cloudfront.net%2fCISCO-SFP-10G-SR-50-1.jpg&bh=250","Lot of 50 CISCO SFP-10G-SR-50 SFP-10G Base-SR Plug-In Transceiver Module","Contact for Pricing","Availability: Contact for Availability","SFP-10G-SR-50","Cisco SFP-10G-SR SFP-10G Base-SR Plug-In Transeiver Module SFP+ Genuine CISCOThis item is Refurbished. This item has been tested by Vibrant's team of experienced technicians test to ensure proper operation.","mailto:sales@vibrant.com","mailto:sales@vibrant.com","mailto:sales@vibrant.com",""
"https://www.vibrant.com/Finisar-FTLC1182RDNL.html","https://www.vibrant.com/resize?po=https%3a%2f%2fd68bu9da8k2nr.cloudfront.net%2fFinisar-FTLC1182RDNL-1.jpg&bh=250","Finisar FTLC1182RDNL CFP-100GBASE-LR4 Juniper Compatible CFP Transceiver","$995.00","Availability: In Stock","FTLC1182RDNL","Juniper Compatible Finisar FTLC1182RDNL 100GBASE-LR4 13XX nm SMF 10km CFP Transceiver ModuleCompare to CFP-100GBASE-LR4 / 740-032210This item is Refurbished. This item has been tested by Vibrant's team of experienced technicians test to ensure proper operation.","https://www.vibrant.com/HP-J9144A.html","https://www.vibrant.com/resize?po=https%3a%2f%2fd68bu9da8k2nr.cloudfront.net%2fHP-J9144A-1.jpg&bh=250","HP J9144A 10GBE X2-SC LRM Optic Transceiver","$89.00","Availability: In Stock","J9144A","HP J9144A 10GBE X2-SC LRM Optic TransceiverThis item is Refurbished. This item has been tested by Vibrant's team of experienced technicians test to ensure proper operation.","https://www.vibrant.com/JUNIPER-740-011612.html","https://www.vibrant.com/resize?po=https%3a%2f%2fd68bu9da8k2nr.cloudfront.net%2fJUNIPER-740-011612-1.jpg&bh=250","JUNIPER 740-011612 1000BASE-LH 70 KM SFP Transceiver","$198.00","Availability: Contact for Availability","740-011612","JUNIPER 740-011612 1000BASE-LH 70 KM SFP TransceiverThis item is Refurbished. This item has been tested by Vibrant's team of experienced technicians test to ensure proper operation.","https://www.vibrant.com/HP-J9144A-Lot2.html","https://www.vibrant.com/resize?po=https%3a%2f%2fd68bu9da8k2nr.cloudfront.net%2fHP-J9144A-Lot2-1.jpg&bh=250","HP J9144A 10GBE X2-SC LRM Optic Transceiver Lot Of 2","Contact for Pricing","Availability: In Stock","J9144A-Lot2","HP J9144A 10GBE X2-SC LRM Optic Transceiver Lot Of 2This item is Refurbished. This item has been tested by Vibrant's team of experienced technicians test to ensure proper operation.","mailto:sales@vibrant.com","","",""
"https://www.vibrant.com/HP-J9144A-Lot5.html","https://www.vibrant.com/resize?po=https%3a%2f%2fd68bu9da8k2nr.cloudfront.net%2fHP-J9144A-Lot5-1.jpg&bh=250","HP J9144A 10GBE X2-SC LRM Optic Transceiver Lot Of 5","$459.00","Availability: In Stock","J9144A-Lot5","HP J9144A 10GBE X2-SC LRM Optic Transceiver Lot Of 5This item is Refurbished. This item has been tested by Vibrant's team of experienced technicians test to ensure proper operation.","https://www.vibrant.com/Cisco-GLC-FE-100LX-RGD.html","https://www.vibrant.com/resize?po=https%3a%2f%2fd68bu9da8k2nr.cloudfront.net%2fCisco-GLC-FE-100LX-RGD-1.jpg&bh=250","Cisco GLC-FE-100LX-RGD SFP Transceiver","Contact for Pricing","Availability: Contact for Availability","GLC-FE-100LX-RGD","Cisco GLC-FE-100LX-RGD SFP TransceiverThis item is Refurbished. This item has been tested by Vibrant's team of experienced technicians test to ensure proper operation.","https://www.vibrant.com/CISCO-QSFP-40GE-LR4.html","https://www.vibrant.com/resize?po=https%3a%2f%2fd68bu9da8k2nr.cloudfront.net%2fCISCO-QSFP-40GE-LR4-1.jpg&bh=250","CISCO QSFP-40GE-LR4 GENIUNE 40GIG CISCO QSFP LR4 Transceiver","Contact for Pricing","Availability: Contact for Availability","QSFP-40GE-LR4","CISCO QSFP-40GE-LR4 40GIG CISCO QSFP LR4 TransceiverThis item is Refurbished. This item has been tested by Vibrant's team of experienced technicians test to ensure proper operation.","https://www.vibrant.com/CISCO-10-2848-01.html","https://www.vibrant.com/resize?po=https%3a%2f%2fd68bu9da8k2nr.cloudfront.net%2fCISCO-10-2848-01-1.jpg&bh=250","CISCO 10-2848-01 40GIG CISCO QSFP LR4 Transceiver","Contact for Pricing","Availability: Contact for Availability","10-2848-01","CISCO 10-2848-01 40GIG CISCO QSFP LR4 TransceiverThis item is Refurbished. This item has been tested by Vibrant's team of experienced technicians test to ensure proper operation.","mailto:sales@vibrant.com","mailto:sales@vibrant.com","mailto:sales@vibrant.com",""
"https://www.vibrant.com/IBM-64P0392.html","https://www.vibrant.com/resize?po=https%3a%2f%2fd15qtt05c8rmkb.cloudfront.net%2fvibrant.jpg&bh=250","IBM 64P0392 10GB XFP OPTICAL TRANSCEIVER","$25.00","Availability: In Stock","64P0392","IBM 64P0392 10GB XFP OPTICAL TRANSCEIVERThis item is Used. This item has been tested by Vibrant's team of experienced technicians test to ensure proper operation.","https://www.vibrant.com/Cisco-SFP-10G-AOC3M-LEG.html","https://www.vibrant.com/resize?po=https%3a%2f%2fd15qtt05c8rmkb.cloudfront.net%2fvibrant.jpg&bh=250","Cisco SFP-10G-AOC3M-LEG SFP Transceiver","$95.00","Availability: Contact for Availability","SFP-10G-AOC3M-LEG","Cisco SFP-10G-AOC3M-LEG SFP TransceiverThis item is New in Box.","https://www.vibrant.com/SUN-530-4449.html","https://www.vibrant.com/resize?po=https%3a%2f%2fd68bu9da8k2nr.cloudfront.net%2fSUN-530-4449-1.jpg&bh=250","SUN 530-4449 (X2129A-N) 10Gbps Short Wave Pluggable Transceiver","Contact for Pricing","Availability: In Stock","530-4449","SUN 530-4449 10GBPS SHORT WAVE SFP X2129AThis item is Refurbished. This item has been tested by Vibrant's team of experienced technicians test to ensure proper operation.","https://www.vibrant.com/JUNIPER-740-020465.html","https://www.vibrant.com/resize?po=https%3a%2f%2fd68bu9da8k2nr.cloudfront.net%2fJUNIPER-740-020465-1.jpg&bh=250","Juniper 740-020465 1000Base-BX SFP Transceiver SFP-1000BASE-BX10","Contact for Pricing","Availability: Contact for Availability","740-020465","Juniper 740-020465 1000Base-BX SFP Transceiver SFP-1000BASE-BX10This item is Refurbished. This item has been tested by Vibrant's team of experienced technicians test to ensure proper operation.","mailto:sales@vibrant.com","mailto:sales@vibrant.com","",""
"https://www.vibrant.com/JUNIPER-CFP2-100GBASE-LR4.html","https://www.vibrant.com/resize?po=https%3a%2f%2fd68bu9da8k2nr.cloudfront.net%2fJUNIPER-CFP2-100GBASE-LR4-1.jpg&bh=250","Juniper CFP2-100GBASE-LR4 100GBASE CFP2 1310nm 10Km SMF Transceiver","$185.00","Availability: In Stock","CFP2-100GBASE-LR4","Juniper CFP2-100GBASE-LR4 100GBASE CFP2 1310nm 10Km SMF TransceiverCompatible Routers:MX240,MX480,MX960, MX2008,MX2010,MX2020,PTX5000Compatible Interface Modules:MIC6-100G-CFP2MPC5E-100G10GMPC5EQ-100G10GSRX5K-MPC3-100G10GP2-100GE-CFP2P2-100GE-OTNThis item is Refurbished. This item has been tested by Vibrant's team of experienced technicians test to ensure proper operation.","https://www.vibrant.com/JUNIPER-740-052504.html","https://www.vibrant.com/resize?po=https%3a%2f%2fd68bu9da8k2nr.cloudfront.net%2fJUNIPER-740-052504-1.jpg&bh=250","Juniper 740-052504 100GBASE CFP2 LR4 1310nm 10Km SMF Transceiver MX Series","$185.00","Availability: In Stock","740-052504","Juniper 740-052504 100GBASE CFP2 LR4 1310nm 10Km SMF TransceiverCompatible Routers:MX240,MX480,MX960, MX2008,MX2010,MX2020,PTX5000Compatible Interface Modules:MIC6-100G-CFP2MPC5E-100G10GMPC5EQ-100G10GSRX5K-MPC3-100G10GP2-100GE-CFP2P2-100GE-OTNThis item is Refurbished. This item has been tested by Vibrant's team of experienced technicians test to ensure proper operation.","https://www.vibrant.com/JUNIPER-CFP-100GBASE-SR10.html","https://www.vibrant.com/resize?po=https%3a%2f%2fd68bu9da8k2nr.cloudfront.net%2fJUNIPER-CFP-100GBASE-SR10-1.jpg&bh=250","Juniper CFP-100GBASE-SR10 100GBASE CFP Transceiver 100m OM3,150m OM4","$125.00","Availability: In Stock","CFP-100GBASE-SR10","Juniper CFP-100GBASE-SR10 100GBASE CFP Transceiver 100m OM3,150m OM4MX240,MX480,MX960,MX2008,MX2010,MX2020,T1600,T4000,PTX3000,PTX5000EX9204,EX9208,EX9214PD-1CE-CFP-FPC4,EX9200-2C-8XS,MIC3-3D-1X100GE-CFP,MPC4E-3D-2CGE-8XGE,P1-PTX-2-100GE-CFP,PF-1CGE-CFPThis item is Refurbished. This item has been tested by Vibrant's team of experienced technicians test to ensure proper operation.","https://www.vibrant.com/JUNIPER-740-035329.html","https://www.vibrant.com/resize?po=https%3a%2f%2fd68bu9da8k2nr.cloudfront.net%2fJUNIPER-740-035329-1.jpg&bh=250","Juniper 740-035329 100GBASE CFP Transceiver 100m OM3,150m OM4","$125.00","Availability: In Stock","740-035329","Juniper 740-035329 100GBASE CFP Transceiver 100m OM3,150m OM4MX240,MX480,MX960,MX2008,MX2010,MX2020,T1600,T4000,PTX3000,PTX5000EX9204,EX9208,EX9214PD-1CE-CFP-FPC4,EX9200-2C-8XS,MIC3-3D-1X100GE-CFP,MPC4E-3D-2CGE-8XGE,P1-PTX-2-100GE-CFP,PF-1CGE-CFPThis item is Refurbished. This item has been tested by Vibrant's team of experienced technicians test to ensure proper operation.","","","",""
"https://www.vibrant.com/JUNIPER-JNP-QSFP-40G-LX4.html","https://www.vibrant.com/resize?po=https%3a%2f%2fd68bu9da8k2nr.cloudfront.net%2fJUNIPER-JNP-QSFP-40G-LX4-1.jpg&bh=250","Juniper JNP-QSFP-40G-LX4 40 Gigabit QSFP+ 40GBASE-LX 150m Transceiver OM4","$45.00","Availability: Contact for Availability","JNP-QSFP-40G-LX4","Juniper JNP-QSFP-40G-LX4 40 Gigabit QSFP+ 150m 40GBASE-LX Transceiver with OM4 over MMFThis item is Refurbished. This item has been tested by Vibrant's team of experienced technicians test to ensure proper operation.","https://www.vibrant.com/JUNIPER-740-056705.html","https://www.vibrant.com/resize?po=https%3a%2f%2fd68bu9da8k2nr.cloudfront.net%2fJUNIPER-740-056705-1.jpg&bh=250","Juniper 740-056705 40 Gigabit QSFP+ 150m Transceiver 40GBASE-LX OM4 MMF","Contact for Pricing","Availability: Contact for Availability","740-056705","Juniper 740-056705 40 Gigabit QSFP+ 150m 40GBASE-LX Transceiver with OM4 over MMFThis item is Used. This item has been tested by Vibrant's team of experienced technicians test to ensure proper operation.","https://www.vibrant.com/Cisco-CVR-X2-SFP10G.html","https://www.vibrant.com/resize?po=https%3a%2f%2fd68bu9da8k2nr.cloudfront.net%2fCisco-CVR-X2-SFP10G-1.jpg&bh=250","Cisco CVR-X2-SFP10G Converter Module X2 Transceiver 10 GBPS","Contact for Pricing","Availability: Contact for Availability","CVR-X2-SFP10G","Cisco Original CVR-X2-SFP10G Converter Module - X2 Transceiver - 10 GBPSThis item is Refurbished. This item has been tested by Vibrant's team of experienced technicians test to ensure proper operation.","https://www.vibrant.com/CISCO-SFP-10G-LRM.html","https://www.vibrant.com/resize?po=https%3a%2f%2fd68bu9da8k2nr.cloudfront.net%2fCISCO-SFP-10G-LRM-1.jpg&bh=250","CISCO SFP-10G-LRM SFP-10G-LRM Transceiver 10G-Base SFP 10-2456-01","Contact for Pricing","Availability: In Stock","SFP-10G-LRM","CISCO SFP-10G-LRM SFP-10G-LRM Transceiver Module 10G-Base SFP 10-2456-01This item is Refurbished. This item has been tested by Vibrant's team of experienced technicians test to ensure proper operation.","mailto:sales@vibrant.com","mailto:sales@vibrant.com","mailto:sales@vibrant.com",""
"https://www.vibrant.com/Cisco-X2-10GB-SR.html","https://www.vibrant.com/resize?po=https%3a%2f%2fd68bu9da8k2nr.cloudfront.net%2fCisco-X2-10GB-SR-1.jpg&bh=250","Cisco X2-10GB-SR Transceiver X2 Module Cisco Original","$15.00","Availability: In Stock","X2-10GB-SR","Cisco X2-10GB-SR Transceiver X2 Module Cisco Original“Genuine Cisco X2-10GB-SR 10GBASE-SR X2 Module”This item is Refurbished. This item has been tested by Vibrant's team of experienced technicians test to ensure proper operation.","https://www.vibrant.com/OEM-AFBR-703SDZ.html","https://www.vibrant.com/resize?po=https%3a%2f%2fd15qtt05c8rmkb.cloudfront.net%2fvibrant.jpg&bh=250","Avago AFBR-703SDZ Fiber Optic Transceiver Module ETH+","Contact for Pricing","Availability: Contact for Availability","AFBR-703SDZ","Avago AFBR-703SDZ Fiber Optic Transceiver Module ETH+This item is Refurbished. This item has been tested by Vibrant's team of experienced technicians test to ensure proper operation.","https://www.vibrant.com/Finisar-FTL8524P2BNV.html","https://www.vibrant.com/resize?po=https%3a%2f%2fd15qtt05c8rmkb.cloudfront.net%2fvibrant.jpg&bh=250","Finisar FTL8524P2BNV Transceiver","Contact for Pricing","Availability: Contact for Availability","FTL8524P2BNV","Finisar FTL8524P2BNV TransceiverThis item is Refurbished. This item has been tested by Vibrant's team of experienced technicians test to ensure proper operation.","https://www.vibrant.com/Finisar-FTLX8511D3.html","https://www.vibrant.com/resize?po=https%3a%2f%2fd15qtt05c8rmkb.cloudfront.net%2fvibrant.jpg&bh=250","Finisar FTLX8511D3 Duplex XFP Transceiver","Contact for Pricing","Availability: Contact for Availability","FTLX8511D3","Finisar FTLX8511D3 Duplex XFP TransceiverThis item is Refurbished. This item has been tested by Vibrant's team of experienced technicians test to ensure proper operation.","mailto:sales@vibrant.com","mailto:sales@vibrant.com","mailto:sales@vibrant.com",""
"https://www.vibrant.com/OEM-OPT-0010-00.html","https://www.vibrant.com/resize?po=https%3a%2f%2fd15qtt05c8rmkb.cloudfront.net%2fvibrant.jpg&bh=250","F5 OPT-0010-00 FluxLight 1GBE SFP Optical Transceiver","Contact for Pricing","Availability: Contact for Availability","OPT-0010-00","F5 OPT-0010-00 FluxLight 1GBE SFP Optical TransceiverThis item is Refurbished. This item has been tested by Vibrant's team of experienced technicians test to ensure proper operation.","https://www.vibrant.com/CISCO-TRS2001EN-0055.html","https://www.vibrant.com/resize?po=https%3a%2f%2fd15qtt05c8rmkb.cloudfront.net%2fvibrant.jpg&bh=250","CISCO TRS2001EN-0055 Transceiver","Contact for Pricing","Availability: Contact for Availability","TRS2001EN-0055","CISCO TRS2001EN-0055 TransceiverThis item is Refurbished. This item has been tested by Vibrant's team of experienced technicians test to ensure proper operation.","https://www.vibrant.com/CISCO-XFP-10GD-LR-R.html","https://www.vibrant.com/resize?po=https%3a%2f%2fd15qtt05c8rmkb.cloudfront.net%2fvibrant.jpg&bh=250","CISCO XFP-10GD-LR-R Transceiver","Contact for Pricing","Availability: Contact for Availability","XFP-10GD-LR-R","CISCO XFP-10GD-LR-R TransceiverThis item is Refurbished. This item has been tested by Vibrant's team of experienced technicians test to ensure proper operation.","https://www.vibrant.com/CISCO-CVR-X2-SFP-10G.html","https://www.vibrant.com/resize?po=https%3a%2f%2fd15qtt05c8rmkb.cloudfront.net%2fvibrant.jpg&bh=250","CISCO CVR-X2-SFP-10G ONEX Converter Module X2 Transceiver","Contact for Pricing","Availability: Contact for Availability","CVR-X2-SFP-10G","CISCO CVR-X2-SFP-10G ONEX Converter Module X2 TransceiverThis item is Refurbished. This item has been tested by Vibrant's team of experienced technicians test to ensure proper operation.","mailto:sales@vibrant.com","mailto:sales@vibrant.com","mailto:sales@vibrant.com","mailto:sales@vibrant.com"
"https://www.vibrant.com/SUN-371-4582.html","https://www.vibrant.com/resize?po=https%3a%2f%2fd15qtt05c8rmkb.cloudfront.net%2fvibrant.jpg&bh=250","8Gb/Sec Short Wave SFP Transceiver","Contact for Pricing","Availability: Contact for Availability","371-4582","2540-m2This item is Refurbished. This item has been tested by Vibrant's team of experienced technicians test to ensure proper operation.","https://www.vibrant.com/JUNIPER-XFP-10G-S-C.html","https://www.vibrant.com/resize?po=https%3a%2f%2fd68bu9da8k2nr.cloudfront.net%2fJUNIPER-XFP-10G-S-C-1.jpg&bh=250","Juniper XFP-10G-S-C XFP 10GBASE-SR 850nm MMF Transceiver","Contact for Pricing","Availability: Contact for Availability","XFP-10G-S-C","Juniper XFP-10G-S-C XFP 10GBASE-SR 850nm MMF TransceiverThis item is Refurbished. This item has been tested by Vibrant's team of experienced technicians test to ensure proper operation.","https://www.vibrant.com/JUNIPER-740-033777.html","https://www.vibrant.com/resize?po=https%3a%2f%2fd68bu9da8k2nr.cloudfront.net%2fJUNIPER-740-033777-1.jpg&bh=250","JUNIPER 740-033777 XFP 10GBASE-SR 850nm Transceiver","Contact for Pricing","Availability: Contact for Availability","740-033777","JUNIPER 740-033777 XFP 10GBASE-SR 850nm TransceiverThis item is Refurbished. This item has been tested by Vibrant's team of experienced technicians test to ensure proper operation.","https://www.vibrant.com/JUNIPER-EX-SFP-GE10KT15R13.html","https://www.vibrant.com/resize?po=https%3a%2f%2fd68bu9da8k2nr.cloudfront.net%2fJUNIPER-EX-SFP-GE10KT15R13-1.jpg&bh=250","Juniper EX-SFP-GE10KT15R13 1000Base-BX Gigabit SFP Transceiver","Contact for Pricing","Availability: Contact for Availability","EX-SFP-GE10KT15R13","Juniper EX-SFP-GE10KT15R13 1000Base-BX Gigabit SFP TransceiverThis item is Refurbished. This item has been tested by Vibrant's team of experienced technicians test to ensure proper operation.","mailto:sales@vibrant.com","mailto:sales@vibrant.com","mailto:sales@vibrant.com","mailto:sales@vibrant.com"
"https://www.vibrant.com/IBM-77P8504.html","https://www.vibrant.com/resize?po=https%3a%2f%2fd15qtt05c8rmkb.cloudfront.net%2fvibrant.jpg&bh=250","IBM 77P8504 8GB SFP+ SW Optical Transceiver","$125.00","Availability: Contact for Availability","77P8504","IBM 77P8504 8GB SFP+ SW Optical TransceiverThis item is Refurbished. This item has been tested by Vibrant's team of experienced technicians test to ensure proper operation.","https://www.vibrant.com/CISCO-FET-10G-LOT500.html","https://www.vibrant.com/resize?po=https%3a%2f%2fd68bu9da8k2nr.cloudfront.net%2fCISCO-FET-10G-LOT500-1.jpg&bh=250","CISCO FET-10G 10G Base SR SFP+ Transceiver Lot of 500","Contact for Pricing","Availability: Contact for Availability","FET-10G-LOT500","CISCO FET-10G 10G Base SR SFP+ Transceiver Lot of 500Lot of 500Tested30 Day WarrantyThis item is Refurbished. This item has been tested by Vibrant's team of experienced technicians test to ensure proper operation.","https://www.vibrant.com/JUNIPER-FTLC8281RCNM.html","https://www.vibrant.com/resize?po=https%3a%2f%2fd68bu9da8k2nr.cloudfront.net%2fJUNIPER-FTLC8281RCNM-1.jpg&bh=250","Juniper Finisar FTLC8281RCNM 100GBASE CFP Transceiver 100m OM3,150m OM4","Contact for Pricing","Availability: In Stock","FTLC8281RCNM","Juniper Finisar FTLC8281RCNM 100GBASE CFP Transceiver 100m OM3,150m OM4MX240,MX480,MX960,MX2008,MX2010,MX2020,T1600,T4000,PTX3000,PTX5000EX9204,EX9208,EX9214PD-1CE-CFP-FPC4,EX9200-2C-8XS,MIC3-3D-1X100GE-CFP,MPC4E-3D-2CGE-8XGE,P1-PTX-2-100GE-CFP,PF-1CGE-CFPThis item is Refurbished. This item has been tested by Vibrant's team of experienced technicians test to ensure proper operation.","https://www.vibrant.com/JUNIPER-JNP-QSFP-40G-LX4-4Pack.html","https://www.vibrant.com/resize?po=https%3a%2f%2fd68bu9da8k2nr.cloudfront.net%2fJUNIPER-JNP-QSFP-40G-LX4-4Pack-1.jpg&bh=250","4 Pack Juniper JNP-QSFP-40G-LX4 40 Gigabit QSFP+ 150m Transceiver with OM4","Contact for Pricing","Availability: Contact for Availability","JNP-QSFP-40G-LX4-4Pack","4 Pack Juniper JNP-QSFP-40G-LX4 40 Gigabit QSFP+ 150m 40GBASE-LX Transceiver with OM4 over MMFThis item is Refurbished. This item has been tested by Vibrant's team of experienced technicians test to ensure proper operation.","mailto:sales@vibrant.com","mailto:sales@vibrant.com","mailto:sales@vibrant.com",""
"https://www.vibrant.com/SUN-X2129A-N.html","https://www.vibrant.com/resize?po=https%3a%2f%2fd68bu9da8k2nr.cloudfront.net%2fSUN-X2129A-N-1.jpg&bh=250","SUN X2129A-N (530-4449) 10Gbps Short Wave Pluggable Transceiver","$95.00","Availability: In Stock","X2129A-N","SUN 530-4449 10GBPS SHORT WAVE SFP X2129AThis item is Refurbished. This item has been tested by Vibrant's team of experienced technicians test to ensure proper operation.","https://www.vibrant.com/Dell-WTRD1.html","https://www.vibrant.com/resize?po=https%3a%2f%2fd15qtt05c8rmkb.cloudfront.net%2fvibrant.jpg&bh=250","Dell WTRD1 10Gb SFP+ 850nm Transceiver Module","$25.00","Availability: In Stock","WTRD1","Dell WTRD1 10Gb SFP+ 850nm Transceiver ModuleThis item is Refurbished. This item has been tested by Vibrant's team of experienced technicians test to ensure proper operation.","https://www.vibrant.com/JUNIPER-740-011571.html","https://www.vibrant.com/resize?po=https%3a%2f%2fd68bu9da8k2nr.cloudfront.net%2fJUNIPER-740-011571-1.jpg&bh=250","Juniper 740-011571 10GbE Short Reach Multimode Transceiver 850nm","$20.00","Availability: In Stock","740-011571","Juniper 740-011571 10GbE Short Reach Multimode Transceiver 850nm MMFThis item is Refurbished. This item has been tested by Vibrant's team of experienced technicians test to ensure proper operation.","https://www.vibrant.com/CISCO-GLC-SX-MMD-LOT-OF-200.html","https://www.vibrant.com/resize?po=https%3a%2f%2fd15qtt05c8rmkb.cloudfront.net%2fvibrant.jpg&bh=250","CISCO GLC-SX-MMD-LOT-OF-200 1000BASE-SX SFP TRANSCEIVER DOM","Contact for Pricing","Availability: Contact for Availability","GLC-SX-MMD-LOT-OF-200","CISCO GLC-SX-MMD-LOT-OF-200 1000BASE-SX SFP TRANSCEIVER DOMThis item is Refurbished. This item has been tested by Vibrant's team of experienced technicians test to ensure proper operation.","mailto:sales@vibrant.com","","",""
"https://www.vibrant.com/JUNIPER-EX-SFP-10GE-USR.html","https://www.vibrant.com/resize?po=https%3a%2f%2fd68bu9da8k2nr.cloudfront.net%2fJUNIPER-EX-SFP-10GE-USR-1.jpg&bh=250","Juniper EX-SFP-10GE-USR 10GB SFP+ Ultra Short Reach Transceiver 850","$10.00","Availability: In Stock","EX-SFP-10GE-USR","Juniper EX-SFP-10GE-USR 10GB SFP+ Ultra Short Reach Transceiver Module 850nm, 10m OM1, 20m OM2, 100m OM3 Multi-Mode FiberThis item is Refurbished. This item has been tested by Vibrant's team of experienced technicians test to ensure proper operation.","https://www.vibrant.com/JUNIPER-FTLX8512D3BCL-J3.html","https://www.vibrant.com/resize?po=https%3a%2f%2fd68bu9da8k2nr.cloudfront.net%2fJUNIPER-FTLX8512D3BCL-J3-1.jpg&bh=250","Juniper Finisar FTLX8512D3BCL-J3 XFP 10GBASE-SR 850nm Transceiver","$15.00","Availability: Contact for Availability","FTLX8512D3BCL-J3","Juniper Finisar FTLX8512D3BCL-J3 XFP 10GBASE-SR 850nm Transceiver MMFThis item is Refurbished. This item has been tested by Vibrant's team of experienced technicians test to ensure proper operation.","https://www.vibrant.com/JUNIPER-XFP-10GE-LR.html","https://www.vibrant.com/resize?po=https%3a%2f%2fd15qtt05c8rmkb.cloudfront.net%2fvibrant.jpg&bh=250","Juniper XFP-10GE-LR 10GBASE-LR 1310nm XFP Transceiver","Contact for Pricing","Availability: Contact for Availability","XFP-10GE-LR","Juniper XFP-10GE-LR 10GBASE-LR 1310nm XFP TransceiverThis item is Refurbished. This item has been tested by Vibrant's team of experienced technicians test to ensure proper operation.","https://www.vibrant.com/JUNIPER-SFP-1GE-LX.html","https://www.vibrant.com/resize?po=https%3a%2f%2fd68bu9da8k2nr.cloudfront.net%2fJUNIPER-SFP-1GE-LX-1.jpg&bh=250","Juniper SFP-1GE-LX 1000BASE-LX 1310nm Transceiver","Contact for Pricing","Availability: In Stock","SFP-1GE-LX","Juniper SFP-1GE-LX 1000BASE-LX 1310nm TransceiverThis item is Refurbished. This item has been tested by Vibrant's team of experienced technicians test to ensure proper operation.","mailto:sales@vibrant.com","mailto:sales@vibrant.com","",""
"https://www.vibrant.com/JUNIPER-740-031850.html","https://www.vibrant.com/resize?po=https%3a%2f%2fd68bu9da8k2nr.cloudfront.net%2fJUNIPER-740-031850-1.jpg&bh=250","Juniper 740-031850 1000BASE-LX 1310nm Transceiver","$15.00","Availability: In Stock","740-031850","Juniper 740-031850 1000BASE-LX 1310nm TransceiverThis item is Refurbished. This item has been tested by Vibrant's team of experienced technicians test to ensure proper operation.","https://www.vibrant.com/JUNIPER-FTLF1318P2BTL-J3.html","https://www.vibrant.com/resize?po=https%3a%2f%2fd68bu9da8k2nr.cloudfront.net%2fJUNIPER-FTLF1318P2BTL-J3-1.jpg&bh=250","Juniper FTLF1318P2BTL-J3 1000BASE-LX 1310nm Transceiver","$15.00","Availability: In Stock","FTLF1318P2BTL-J3","Juniper FTLF1318P2BTL-J3 1000BASE-LX 1310nm TransceiverThis item is Refurbished. This item has been tested by Vibrant's team of experienced technicians test to ensure proper operation.","https://www.vibrant.com/CISCO-GLC-SX-MMD-LOT-OF-50.html","https://www.vibrant.com/resize?po=https%3a%2f%2fd15qtt05c8rmkb.cloudfront.net%2fvibrant.jpg&bh=250","CISCO GLC-SX-MMD-LOT-OF-50 1000BASE-SX SFP TRANSCEIVER DOM","$8.95","Availability: Contact for Availability","GLC-SX-MMD-LOT-OF-50","CISCO GLC-SX-MMD-LOT-OF-50 1000BASE-SX SFP TRANSCEIVER DOMCISCO ORIGINALThis item is Used. This item has been tested by Vibrant's team of experienced technicians test to ensure proper operation.","https://www.vibrant.com/JUNIPER-TRF2000EN-LF152.html","https://www.vibrant.com/resize?po=https%3a%2f%2fd68bu9da8k2nr.cloudfront.net%2fJUNIPER-TRF2000EN-LF152-1.jpg&bh=250","Juniper Opnext TRF2000EN-LF152 10Ge XFP Transceiver 10GBASE-SR","Contact for Pricing","Availability: In Stock","TRF2000EN-LF152","Juniper Opnext TRF2000EN-LF152 10Ge XFP Transceiver 10GBASE-SRThis item is Refurbished. This item has been tested by Vibrant's team of experienced technicians test to ensure proper operation.","mailto:sales@vibrant.com","","",""
"https://www.vibrant.com/Dell-8T47V.html","https://www.vibrant.com/resize?po=https%3a%2f%2fd15qtt05c8rmkb.cloudfront.net%2fvibrant.jpg&bh=250","Dell 8T47V RJ-45 1000base-T SFP Transceiver 08T47V","Contact for Pricing","Availability: Contact for Availability","8T47V","Dell 8T47V RJ-45 1000base-T SFP Transceiver 08T47VThis item is Refurbished. This item has been tested by Vibrant's team of experienced technicians test to ensure proper operation.","https://www.vibrant.com/Dell-407-BB0S.html","https://www.vibrant.com/resize?po=https%3a%2f%2fd15qtt05c8rmkb.cloudfront.net%2fvibrant.jpg&bh=250","Dell 407-BB0S RJ-45 1000base-T SFP Transceiver","Contact for Pricing","Availability: Contact for Availability","407-BB0S","Dell 407-BB0S RJ-45 1000base-T SFP TransceiverThis item is Refurbished. This item has been tested by Vibrant's team of experienced technicians test to ensure proper operation.","https://www.vibrant.com/Dell-PF911.html","https://www.vibrant.com/resize?po=https%3a%2f%2fd15qtt05c8rmkb.cloudfront.net%2fvibrant.jpg&bh=250","Dell PF911 RJ-45 1000base-T SFP Transceiver","Contact for Pricing","Availability: Contact for Availability","PF911","Dell PF911 RJ-45 1000base-T SFP TransceiverThis item is Refurbished. This item has been tested by Vibrant's team of experienced technicians test to ensure proper operation.","https://www.vibrant.com/Dell-XTY28.html","https://www.vibrant.com/resize?po=https%3a%2f%2fd15qtt05c8rmkb.cloudfront.net%2fvibrant.jpg&bh=250","Dell XTY28 RJ-45 1000base-T SFP Transceiver 0XTY28","Contact for Pricing","Availability: Contact for Availability","XTY28","Dell XTY28 RJ-45 1000base-T SFP Transceiver 0XTY28This item is Refurbished. This item has been tested by Vibrant's team of experienced technicians test to ensure proper operation.","mailto:sales@vibrant.com","mailto:sales@vibrant.com","mailto:sales@vibrant.com","mailto:sales@vibrant.com"
"https://www.vibrant.com/Finisar-FCLF-8521-3-DELL.html","https://www.vibrant.com/resize?po=https%3a%2f%2fd15qtt05c8rmkb.cloudfront.net%2fvibrant.jpg&bh=250","Dell Finisar FCLF-8521-3 RJ-45 1000base-T SFP Transceiver","$12.00","Availability: Contact for Availability","FCLF-8521-3-DELL","Dell Finisar FCLF-8521-3 RJ-45 1000base-T SFP TransceiverThis item is Refurbished. This item has been tested by Vibrant's team of experienced technicians test to ensure proper operation.","https://www.vibrant.com/AristaNetworks-SFP-1G-T.html","https://www.vibrant.com/resize?po=https%3a%2f%2fd15qtt05c8rmkb.cloudfront.net%2fvibrant.jpg&bh=250","Arista Networks SFP-1G-T RJ-45 1000base-T SFP Transceiver","$20.00","Availability: In Stock","SFP-1G-T","Arista Networks SFP-1G-T RJ-45 1000base-T SFP TransceiverThis item is Refurbished. This item has been tested by Vibrant's team of experienced technicians test to ensure proper operation.","https://www.vibrant.com/Netapp-332-00347.html","https://www.vibrant.com/resize?po=https%3a%2f%2fd15qtt05c8rmkb.cloudfront.net%2fvibrant.jpg&bh=250","Netapp 332-00347 Quad Rate 16GFC SFP+ Transceiver, 850nm, 16G/10G/8G/4G","Contact for Pricing","Availability: In Stock","332-00347","This item is Used. This item has been tested by Vibrant's team of experienced technicians test to ensure proper operation.","https://www.vibrant.com/Qlogic-FTLX8571D3BCL-QL.html","https://www.vibrant.com/resize?po=https%3a%2f%2fd68bu9da8k2nr.cloudfront.net%2fQlogic-FTLX8571D3BCL-QL-1.jpg&bh=250","Qlogic FTLX8571D3BCL-QL 10GbE SW SFP+ 850nm Transceiver","Contact for Pricing","Availability: Contact for Availability","FTLX8571D3BCL-QL","Qlogic FTLX8571D3BCL-QL 10GbE SW SFP+ 850nm TransceiverThis item is Refurbished. This item has been tested by Vibrant's team of experienced technicians test to ensure proper operation.","mailto:sales@vibrant.com","mailto:sales@vibrant.com","",""
"https://www.vibrant.com/Finisar-FTLX8571D3BCL-LS.html","https://www.vibrant.com/resize?po=https%3a%2f%2fd68bu9da8k2nr.cloudfront.net%2fFinisar-FTLX8571D3BCL-LS-1.jpg&bh=250","Finisar FTLX8571D3BCL-LS 10GB SFP+ 850nm SR Transceiver","$20.00","Availability: In Stock","FTLX8571D3BCL-LS","Finisar FTLX8571D3BCL-LS 10GB SFP+ 850nm SR TransceiverThis item is Refurbished. This item has been tested by Vibrant's team of experienced technicians test to ensure proper operation.","https://www.vibrant.com/EMC-AFBR-57R6APZ-EMC.html","https://www.vibrant.com/resize?po=https%3a%2f%2fd68bu9da8k2nr.cloudfront.net%2fEMC-AFBR-57R6APZ-EMC-1.jpg&bh=250","EMC Avago AFBR-57R6APZ-EMC 4GB SFP SW Transceiver","$5.00","Availability: In Stock","AFBR-57R6APZ-EMC","EMC Avago AFBR-57R6APZ-EMC 4GB SFP SW TransceiverThis item is Refurbished. This item has been tested by Vibrant's team of experienced technicians test to ensure proper operation.","https://www.vibrant.com/EMC-019-078-039.html","https://www.vibrant.com/resize?po=https%3a%2f%2fd68bu9da8k2nr.cloudfront.net%2fEMC-019-078-039-1.jpg&bh=250","EMC 019-078-039 4GB SFP 1310nm 10km Single Mode 1G/2G/4G Transceiver","$10.00","Availability: In Stock","019-078-039","EMC 019-078-039 4GB SFP 1310nm 10km Single Mode 1G/2G/4G Transceiver for DLM, Symmetrix DMX VMAX SystemsThis item is Used. This item has been tested by Vibrant's team of experienced technicians test to ensure proper operation.","https://www.vibrant.com/EMC-FTLF1424P2BCD-E4.html","https://www.vibrant.com/resize?po=https%3a%2f%2fd68bu9da8k2nr.cloudfront.net%2fEMC-FTLF1424P2BCD-E4-1.jpg&bh=250","EMC Finisar FTLF1424P2BCD-E4 4GB SFP 1310nm 10km Transceiver","$10.00","Availability: In Stock","FTLF1424P2BCD-E4","EMC Finisar FTLF1424P2BCD-E4 4GB SFP 1310nm 10km TransceiverThis item is Used. This item has been tested by Vibrant's team of experienced technicians test to ensure proper operation.","","","",""
"https://www.vibrant.com/Oracle-7326504.html","https://www.vibrant.com/resize?po=https%3a%2f%2fd15qtt05c8rmkb.cloudfront.net%2fvibrant.jpg&bh=250","Oracle 7326504 10Gbps QDR InfiniBand/40Gbps Ethernet QSFP Transceiver","$25.00","Availability: Contact for Availability","7326504","This item is Refurbished. This item has been tested by Vibrant's team of experienced technicians test to ensure proper operation.","https://www.vibrant.com/Oracle-7058828.html","https://www.vibrant.com/resize?po=https%3a%2f%2fd15qtt05c8rmkb.cloudfront.net%2fvibrant.jpg&bh=250","Oracle 7058828 10Gb/sec XFP Optical Transceiver Multi Mode Short Range (SR)","$195.00","Availability: In Stock","7058828","This item is Refurbished. This item has been tested by Vibrant's team of experienced technicians test to ensure proper operation.","https://www.vibrant.com/Emulex-LPE12100-OPT.html","https://www.vibrant.com/resize?po=https%3a%2f%2fd15qtt05c8rmkb.cloudfront.net%2fvibrant.jpg&bh=250","Emulex LPE12100-OPT TAA Compliant 10GBase-SW SFP+ Transceiver","Contact for Pricing","Availability: Contact for Availability","LPE12100-OPT","This item is Refurbished. This item has been tested by Vibrant's team of experienced technicians test to ensure proper operation.","https://www.vibrant.com/HP-J9151E.html","https://www.vibrant.com/resize?po=https%3a%2f%2fd68bu9da8k2nr.cloudfront.net%2fHP-J9151E-1.jpg&bh=250","J9151E SFP+ 10GBASE-LR FC TRANSCEIVER","Contact for Pricing","Availability: In Stock","J9151E","HP J9151E J9151E SFP+ 10GBASE-LR FC TRANSCEIVERThis item is Used. This item has been tested by Vibrant's team of experienced technicians test to ensure proper operation.","mailto:sales@vibrant.com","mailto:sales@vibrant.com","",""
"https://www.vibrant.com/Finisar-FTLF8532P4BCV-EM.html","https://www.vibrant.com/resize?po=https%3a%2f%2fd15qtt05c8rmkb.cloudfront.net%2fvibrant.jpg&bh=250","Finisar FTLF8532P4BCV-EM 32GB FC SHORTWAVE SFP+ TRANSCEIVER","Contact for Pricing","Availability: Contact for Availability","FTLF8532P4BCV-EM","This item is Refurbished. This item has been tested by Vibrant's team of experienced technicians test to ensure proper operation.","https://www.vibrant.com/PaloAltoNetworks-PAN-QSFP-40GBASE-SR4.html","https://www.vibrant.com/resize?po=https%3a%2f%2fd68bu9da8k2nr.cloudfront.net%2fPaloAltoNetworks-PAN-QSFP-40GBASE-SR4-1.jpg&bh=250","Palo Alto Networks PAN-QSFP-40GBASE-SR4 QSFP+ TRANSCEIVER MODULE 40GBP/S","Contact for Pricing","Availability: Contact for Availability","PAN-QSFP-40GBASE-SR4","Palo Alto Networks PAN-QSFP-40GBASE-SR4 QSFP+ TRANSCEIVER MODULE 40GBP/SThis item is New in Box.","https://www.vibrant.com/IBM-EB46.html","https://www.vibrant.com/resize?po=https%3a%2f%2fd15qtt05c8rmkb.cloudfront.net%2fvibrant.jpg&bh=250","IBM EB46 10Gbps SFP+ Optical Transceiver","Contact for Pricing","Availability: Contact for Availability","EB46","This item is Refurbished. This item has been tested by Vibrant's team of experienced technicians test to ensure proper operation.","https://www.vibrant.com/IBM-EB27.html","https://www.vibrant.com/resize?po=https%3a%2f%2fd68bu9da8k2nr.cloudfront.net%2fIBM-EB27-1.jpg&bh=250","IBM EB27 40GBPS QSFP BASE-SR TRANSCEIVER","Contact for Pricing","Availability: Contact for Availability","EB27","This item is Used. This item has been tested by Vibrant's team of experienced technicians test to ensure proper operation.","mailto:sales@vibrant.com","mailto:sales@vibrant.com","mailto:sales@vibrant.com","mailto:sales@vibrant.com"
"https://www.vibrant.com/Netapp-332-00389.html","https://www.vibrant.com/resize?po=https%3a%2f%2fd68bu9da8k2nr.cloudfront.net%2fNetapp-332-00389-1.jpg&bh=250","Netapp 332-00389 QSFP, OPT, TRANSCEIVER, 40GbE, SR","$20.00","Availability: Contact for Availability","332-00389","This item is Refurbished. This item has been tested by Vibrant's team of experienced technicians test to ensure proper operation.","https://www.vibrant.com/Netapp-FTL410QD4C-N1.html","https://www.vibrant.com/resize?po=https%3a%2f%2fd68bu9da8k2nr.cloudfront.net%2fNetapp-FTL410QD4C-N1-1.jpg&bh=250","Netapp FTL410QD4C-N1 QSFP, OPT, TRANSCEIVER, 40GbE, SR","$15.00","Availability: Contact for Availability","FTL410QD4C-N1","This item is Refurbished. This item has been tested by Vibrant's team of experienced technicians test to ensure proper operation.","https://www.vibrant.com/Netapp-332-00363.html","https://www.vibrant.com/resize?po=https%3a%2f%2fd68bu9da8k2nr.cloudfront.net%2fNetapp-332-00363-1.jpg&bh=250","Netapp 332-00363 10GB SFP+ OPTICAL TRANSCEIVER 10GBR","Contact for Pricing","Availability: In Stock","332-00363","This item is Refurbished. This item has been tested by Vibrant's team of experienced technicians test to ensure proper operation.","https://www.vibrant.com/Dell-AFBR-79EIDZ-FT1.html","https://www.vibrant.com/resize?po=https%3a%2f%2fd68bu9da8k2nr.cloudfront.net%2fDell-AFBR-79EIDZ-FT1-1.jpg&bh=250","Dell AFBR-79EIDZ-FT1 QSFP+ 40GbE Transceiver","Contact for Pricing","Availability: In Stock","AFBR-79EIDZ-FT1","Dell AFBR-79EIDZ-FT1 QSFP+ 40GbE TransceiverThis item is Refurbished. This item has been tested by Vibrant's team of experienced technicians test to ensure proper operation.","mailto:sales@vibrant.com","mailto:sales@vibrant.com","",""